-- ============================================================
-- Cal Agent: Schema + Data Migration for Supabase
-- Project: ezlmmegowggujpcnzoda (GP3 / zoda)
-- Run in: SQL Editor → https://supabase.com/dashboard/project/ezlmmegowggujpcnzoda/sql
-- ============================================================

CREATE SCHEMA IF NOT EXISTS cal;

-- Companies
CREATE TABLE IF NOT EXISTS cal.companies (
    id INTEGER PRIMARY KEY,
    name VARCHAR(200) NOT NULL,
    slug VARCHAR(50) UNIQUE NOT NULL,
    subscription_plan VARCHAR(50) DEFAULT 'basic',
    max_users INTEGER DEFAULT 1,
    max_tools INTEGER DEFAULT 50,
    is_active BOOLEAN DEFAULT true,
    created_at TIMESTAMPTZ DEFAULT NOW(),
    updated_at TIMESTAMPTZ DEFAULT NOW()
);

-- Users
CREATE TABLE IF NOT EXISTS cal.users (
    id INTEGER PRIMARY KEY,
    email VARCHAR(255) UNIQUE NOT NULL,
    password_hash VARCHAR(255) NOT NULL,
    first_name VARCHAR(100),
    last_name VARCHAR(100),
    role VARCHAR(50) DEFAULT 'user',
    company_id INTEGER REFERENCES cal.companies(id),
    is_active BOOLEAN DEFAULT true,
    last_login_at TIMESTAMPTZ,
    created_at TIMESTAMPTZ DEFAULT NOW(),
    updated_at TIMESTAMPTZ DEFAULT NOW()
);

-- Tools (equipment/instruments)
CREATE TABLE IF NOT EXISTS cal.tools (
    id INTEGER PRIMARY KEY,
    company_id INTEGER REFERENCES cal.companies(id),
    number VARCHAR(100),
    serial_number VARCHAR(200),
    manufacturer VARCHAR(200),
    model VARCHAR(200),
    description TEXT,
    type VARCHAR(100),
    frequency VARCHAR(50),
    calibration_status VARCHAR(50),
    tool_status VARCHAR(50) DEFAULT 'active',
    location VARCHAR(200),
    building VARCHAR(100),
    ownership VARCHAR(200),
    last_calibration_date TIMESTAMPTZ,
    next_due_date TIMESTAMPTZ,
    created_at TIMESTAMPTZ DEFAULT NOW()
);

-- Calibration records
CREATE TABLE IF NOT EXISTS cal.calibrations (
    id INTEGER PRIMARY KEY,
    record_number VARCHAR(100),
    tool_id INTEGER REFERENCES cal.tools(id),
    calibration_date TIMESTAMPTZ,
    result VARCHAR(50),
    next_due_date TIMESTAMPTZ,
    technician VARCHAR(200),
    comments TEXT,
    created_at TIMESTAMPTZ DEFAULT NOW()
);

-- Attachments
CREATE TABLE IF NOT EXISTS cal.attachments (
    id INTEGER PRIMARY KEY,
    tool_id INTEGER REFERENCES cal.tools(id),
    calibration_id INTEGER REFERENCES cal.calibrations(id),
    filename VARCHAR(255),
    original_name VARCHAR(255),
    file_size INTEGER,
    mime_type VARCHAR(100),
    uploaded_at TIMESTAMPTZ DEFAULT NOW()
);

-- Settings
CREATE TABLE IF NOT EXISTS cal.settings (
    id INTEGER PRIMARY KEY,
    key VARCHAR(100) NOT NULL,
    value TEXT,
    updated_at TIMESTAMPTZ DEFAULT NOW(),
    company_id INTEGER REFERENCES cal.companies(id)
);

-- Indexes
CREATE INDEX IF NOT EXISTS idx_cal_tools_company ON cal.tools(company_id);
CREATE INDEX IF NOT EXISTS idx_cal_tools_status ON cal.tools(tool_status);
CREATE INDEX IF NOT EXISTS idx_cal_tools_number ON cal.tools(company_id, number);
CREATE INDEX IF NOT EXISTS idx_cal_calibrations_tool ON cal.calibrations(tool_id);
CREATE INDEX IF NOT EXISTS idx_cal_calibrations_date ON cal.calibrations(calibration_date);
CREATE INDEX IF NOT EXISTS idx_cal_calibrations_due ON cal.calibrations(next_due_date);
CREATE INDEX IF NOT EXISTS idx_cal_users_company ON cal.users(company_id);

-- Row Level Security
ALTER TABLE cal.companies ENABLE ROW LEVEL SECURITY;
ALTER TABLE cal.users ENABLE ROW LEVEL SECURITY;
ALTER TABLE cal.tools ENABLE ROW LEVEL SECURITY;
ALTER TABLE cal.calibrations ENABLE ROW LEVEL SECURITY;
ALTER TABLE cal.attachments ENABLE ROW LEVEL SECURITY;
ALTER TABLE cal.settings ENABLE ROW LEVEL SECURITY;

CREATE POLICY "service_role_all" ON cal.companies FOR ALL TO service_role USING (true) WITH CHECK (true);
CREATE POLICY "service_role_all" ON cal.users FOR ALL TO service_role USING (true) WITH CHECK (true);
CREATE POLICY "service_role_all" ON cal.tools FOR ALL TO service_role USING (true) WITH CHECK (true);
CREATE POLICY "service_role_all" ON cal.calibrations FOR ALL TO service_role USING (true) WITH CHECK (true);
CREATE POLICY "service_role_all" ON cal.attachments FOR ALL TO service_role USING (true) WITH CHECK (true);
CREATE POLICY "service_role_all" ON cal.settings FOR ALL TO service_role USING (true) WITH CHECK (true);

-- Grant schema access to postgres role (used by direct connection)
GRANT USAGE ON SCHEMA cal TO postgres;
GRANT ALL ON ALL TABLES IN SCHEMA cal TO postgres;
GRANT ALL ON ALL SEQUENCES IN SCHEMA cal TO postgres;

-- Sequences for future inserts
CREATE SEQUENCE IF NOT EXISTS cal.companies_id_seq START WITH 100;
CREATE SEQUENCE IF NOT EXISTS cal.users_id_seq START WITH 100;
CREATE SEQUENCE IF NOT EXISTS cal.tools_id_seq START WITH 200;
CREATE SEQUENCE IF NOT EXISTS cal.calibrations_id_seq START WITH 200;
CREATE SEQUENCE IF NOT EXISTS cal.attachments_id_seq START WITH 100;
CREATE SEQUENCE IF NOT EXISTS cal.settings_id_seq START WITH 100;

-- ============================================================
-- SEED DATA
-- ============================================================

-- Companies (3 records)
INSERT INTO cal.companies (id, name, slug, subscription_plan, max_users, max_tools, is_active, created_at, updated_at) VALUES (1, 'Default Company', 'default', 'premium', 20, 1000, true, '2025-06-09T15:18:22.033Z', '2025-06-09T15:18:22.033Z');
INSERT INTO cal.companies (id, name, slug, subscription_plan, max_users, max_tools, is_active, created_at, updated_at) VALUES (2, 'Demo Company', 'Demo1', 'basic', 1, 12, true, '2025-06-09T15:21:51.966Z', '2025-06-09T15:21:51.966Z');
INSERT INTO cal.companies (id, name, slug, subscription_plan, max_users, max_tools, is_active, created_at, updated_at) VALUES (3, 'Bunting Magnetics Company', 'BMC', 'professional', 5, 250, true, '2025-06-09T15:23:16.028Z', '2025-06-09T15:23:16.028Z');

-- Users (7 records)
INSERT INTO cal.users (id, email, password_hash, first_name, last_name, role, company_id, is_active, last_login_at, created_at, updated_at) VALUES (1, 'admin@company.com', '$2b$10$pHtnY.ESr7gbvt4v1jt5deUQhJw6H3QV6KiFE1lavCIGr6UfPtj0e', 'Admin', 'User', 'admin', NULL, true, '2025-06-09T18:20:28.292Z', '2025-06-09T15:18:40.649Z', '2025-06-09T15:18:40.649Z');
INSERT INTO cal.users (id, email, password_hash, first_name, last_name, role, company_id, is_active, last_login_at, created_at, updated_at) VALUES (2, 'ryanrlinton@gmail.com', '$2b$10$Gspa08sd6.jMQTyyaqNzueKWWGy6vq.RUf0rorGNjw6hceLXCgvcO', 'Ryan', 'Linton', 'admin', NULL, true, '2025-09-04T17:03:37.065Z', '2025-06-09T15:21:31.774Z', '2025-06-09T15:21:31.774Z');
INSERT INTO cal.users (id, email, password_hash, first_name, last_name, role, company_id, is_active, last_login_at, created_at, updated_at) VALUES (3, 'rlinton@buntingmagnetics.com', '$2b$10$9Gqlzzct/LuGYNYyb0olk.6AaN35YDpzvv1VXXoELIIFKfb1L2ATe', 'Ryan', 'Linton', 'company_admin', 3, true, '2025-06-21T22:40:31.243Z', '2025-06-09T15:24:14.679Z', '2025-06-09T15:24:14.679Z');
INSERT INTO cal.users (id, email, password_hash, first_name, last_name, role, company_id, is_active, last_login_at, created_at, updated_at) VALUES (4, 'john.doe@example.com', '$2b$10$9tFF2Rwr0k9vpvYkx3GBaux1jqHsFvqeWNbvl.X4Nnvs6yKuorY1i', 'John', 'Doe', 'user', 2, true, '2025-06-09T16:37:10.314Z', '2025-06-09T15:27:48.038Z', '2025-06-09T15:27:48.038Z');
INSERT INTO cal.users (id, email, password_hash, first_name, last_name, role, company_id, is_active, last_login_at, created_at, updated_at) VALUES (5, 'bdick@buntingmagnetics.com', '$2b$10$QodtNN4pY9/NrmBvjdwoce7Y6iHEYHzuiU5Yt1HzkC/YmWYFfge8q', 'Brandon', 'Dick', 'company_admin', 3, true, '2025-06-24T11:17:17.324Z', '2025-06-09T15:28:28.369Z', '2025-06-09T15:28:28.369Z');
INSERT INTO cal.users (id, email, password_hash, first_name, last_name, role, company_id, is_active, last_login_at, created_at, updated_at) VALUES (6, 'dsanchez@buntingmagnetics.com', '$2b$10$DKdHnGpIVsi9QMcvIBI5iO93utUlsTmAP64PRiGA2VG0ivtKmkaVu', 'Derek', 'Sanchez', 'user', 3, true, '2025-08-25T13:56:04.280Z', '2025-06-09T17:21:11.076Z', '2025-06-09T17:21:11.076Z');
INSERT INTO cal.users (id, email, password_hash, first_name, last_name, role, company_id, is_active, last_login_at, created_at, updated_at) VALUES (7, 'sbryant@buntingmagnetics.com', '$2b$10$sPXtRBlNkazyLKTfrMRP/eHWsO3onAfQWyVEWTwvo/F/1oVw9nrwu', 'Steve', 'Bryant', 'user', 3, true, '2025-06-09T18:35:55.882Z', '2025-06-09T17:21:38.577Z', '2025-06-09T17:21:38.577Z');

-- Tools (177 records)
INSERT INTO cal.tools (id, company_id, number, serial_number, manufacturer, model, description, type, frequency, calibration_status, tool_status, location, building, ownership, last_calibration_date, next_due_date, created_at) VALUES (1, 2, 'DMM-001', 'FL87V12345', 'Fluke', '87V', 'Fluke 87V Digital Multimeter', 'vendor', 'annual', 'current', 'active', 'Lab A', 'Building A', 'Engineering Department', '2024-09-15T00:00:00.000Z', '2025-09-15T00:00:00.000Z', '2025-06-09T15:25:42.393Z');
INSERT INTO cal.tools (id, company_id, number, serial_number, manufacturer, model, description, type, frequency, calibration_status, tool_status, location, building, ownership, last_calibration_date, next_due_date, created_at) VALUES (2, 2, 'TG-002', 'TK201987', 'Tekton', '24335', 'Torque Wrench 0-200 ft-lb', 'in-house', 'semi-annual', 'due-soon', 'active', 'Assembly Floor', 'Building B', 'Production Team', '2024-07-20T00:00:00.000Z', '2025-01-20T00:00:00.000Z', '2025-06-09T15:25:42.393Z');
INSERT INTO cal.tools (id, company_id, number, serial_number, manufacturer, model, description, type, frequency, calibration_status, tool_status, location, building, ownership, last_calibration_date, next_due_date, created_at) VALUES (3, 2, 'CAL-003', 'MI234567', 'Mitutoyo', '500-196-30', 'Digital Calipers 0-6 inch', 'in-house', 'annual', 'overdue', 'active', 'Quality Lab', 'Building A', 'QC Department', '2023-10-05T00:00:00.000Z', '2024-10-05T00:00:00.000Z', '2025-06-09T15:25:42.393Z');
INSERT INTO cal.tools (id, company_id, number, serial_number, manufacturer, model, description, type, frequency, calibration_status, tool_status, location, building, ownership, last_calibration_date, next_due_date, created_at) VALUES (4, 2, 'PS-004', 'KS3005D89', 'Korad', 'KA3005D', 'DC Power Supply 0-30V', 'vendor', 'biennial', 'current', 'active', 'Electronics Lab', 'Building C', 'R&D Department', '2024-04-10T00:00:00.000Z', '2026-04-10T00:00:00.000Z', '2025-06-09T15:25:42.393Z');
INSERT INTO cal.tools (id, company_id, number, serial_number, manufacturer, model, description, type, frequency, calibration_status, tool_status, location, building, ownership, last_calibration_date, next_due_date, created_at) VALUES (5, 2, 'MG-005', 'FL179345', 'Fluke', '179', 'Clamp Meter 400A AC/DC', 'vendor', 'annual', 'in-calibration', 'active', 'Maintenance Shop', 'Building B', 'Facilities', '2023-12-01T00:00:00.000Z', '2024-12-01T00:00:00.000Z', '2025-06-09T15:25:42.393Z');
INSERT INTO cal.tools (id, company_id, number, serial_number, manufacturer, model, description, type, frequency, calibration_status, tool_status, location, building, ownership, last_calibration_date, next_due_date, created_at) VALUES (6, 2, 'TH-006', 'FL62MAX78', 'Fluke', '62 MAX+', 'Infrared Thermometer', 'in-house', 'quarterly', 'current', 'active', 'Production Floor', 'Building B', 'Operations', '2024-11-15T00:00:00.000Z', '2025-02-15T00:00:00.000Z', '2025-06-09T15:25:42.393Z');
INSERT INTO cal.tools (id, company_id, number, serial_number, manufacturer, model, description, type, frequency, calibration_status, tool_status, location, building, ownership, last_calibration_date, next_due_date, created_at) VALUES (7, 2, 'PR-007', 'AD785432', 'Ashcroft', '1009', 'Pressure Gauge 0-100 PSI', 'vendor', 'annual', 'due-soon', 'active', 'Hydraulics Lab', 'Building A', 'Engineering Department', '2024-01-25T00:00:00.000Z', '2025-01-25T00:00:00.000Z', '2025-06-09T15:25:42.393Z');
INSERT INTO cal.tools (id, company_id, number, serial_number, manufacturer, model, description, type, frequency, calibration_status, tool_status, location, building, ownership, last_calibration_date, next_due_date, created_at) VALUES (8, 2, 'OS-008', 'TE54321', 'Tektronix', 'TBS1104', 'Oscilloscope 100MHz', 'vendor', 'biennial', 'current', 'active', 'Electronics Lab', 'Building C', 'R&D Department', '2024-06-20T00:00:00.000Z', '2026-06-20T00:00:00.000Z', '2025-06-09T15:25:42.393Z');
INSERT INTO cal.tools (id, company_id, number, serial_number, manufacturer, model, description, type, frequency, calibration_status, tool_status, location, building, ownership, last_calibration_date, next_due_date, created_at) VALUES (9, 2, 'MIC-009', 'ST436789', 'Starrett', '436', 'Outside Micrometer 0-1 inch', 'in-house', 'annual', 'overdue', 'active', 'Machine Shop', 'Building B', 'Manufacturing', '2023-10-30T00:00:00.000Z', '2024-10-30T00:00:00.000Z', '2025-06-09T15:25:42.393Z');
INSERT INTO cal.tools (id, company_id, number, serial_number, manufacturer, model, description, type, frequency, calibration_status, tool_status, location, building, ownership, last_calibration_date, next_due_date, created_at) VALUES (10, 2, 'FG-010', 'RI33250A', 'Rigol', 'DG1032Z', 'Function Generator 25MHz', 'vendor', 'annual', 'overdue', 'out-for-repair', 'Test Lab', 'Building A', 'Engineering Department', '2023-09-12T00:00:00.000Z', '2024-09-12T00:00:00.000Z', '2025-06-09T15:25:42.393Z');
INSERT INTO cal.tools (id, company_id, number, serial_number, manufacturer, model, description, type, frequency, calibration_status, tool_status, location, building, ownership, last_calibration_date, next_due_date, created_at) VALUES (11, 2, 'TEST-001', NULL, NULL, NULL, 'Test Tool - Digital Multimeter', 'in-house', 'annual', NULL, 'active', 'Test Lab', NULL, 'Test Department', NULL, NULL, '2025-06-09T15:36:43.923Z');
INSERT INTO cal.tools (id, company_id, number, serial_number, manufacturer, model, description, type, frequency, calibration_status, tool_status, location, building, ownership, last_calibration_date, next_due_date, created_at) VALUES (12, 2, 'abc-123', 'xx', 'Fluke', NULL, 'Fluke 67V Multimeter', 'vendor', 'annual', NULL, 'active', 'Lab A', NULL, 'Engineering', NULL, NULL, '2025-06-09T15:37:43.284Z');
INSERT INTO cal.tools (id, company_id, number, serial_number, manufacturer, model, description, type, frequency, calibration_status, tool_status, location, building, ownership, last_calibration_date, next_due_date, created_at) VALUES (13, 2, 'ADMIN-001', NULL, NULL, NULL, 'Admin Created Tool - Oscilloscope', 'vendor', 'annual', NULL, 'active', 'Lab B', NULL, 'R&D Department', NULL, NULL, '2025-06-09T15:42:46.216Z');
INSERT INTO cal.tools (id, company_id, number, serial_number, manufacturer, model, description, type, frequency, calibration_status, tool_status, location, building, ownership, last_calibration_date, next_due_date, created_at) VALUES (14, 1, 'DEFAULT-001', NULL, NULL, NULL, 'Default Company Tool - Signal Generator', 'in-house', 'quarterly', NULL, 'active', 'Main Lab', NULL, 'Operations', NULL, NULL, '2025-06-09T15:42:54.523Z');
INSERT INTO cal.tools (id, company_id, number, serial_number, manufacturer, model, description, type, frequency, calibration_status, tool_status, location, building, ownership, last_calibration_date, next_due_date, created_at) VALUES (21, 1, 'TEST-001', NULL, NULL, NULL, 'Test Tool 1', 'Measuring', 'Annual', NULL, 'Active', NULL, NULL, NULL, NULL, NULL, '2025-06-09T16:29:54.475Z');
INSERT INTO cal.tools (id, company_id, number, serial_number, manufacturer, model, description, type, frequency, calibration_status, tool_status, location, building, ownership, last_calibration_date, next_due_date, created_at) VALUES (22, 1, 'TEST-002', NULL, NULL, NULL, 'Test Tool 2', 'Calibrating', 'Annual', NULL, 'Active', NULL, NULL, NULL, NULL, NULL, '2025-06-09T16:29:54.553Z');
INSERT INTO cal.tools (id, company_id, number, serial_number, manufacturer, model, description, type, frequency, calibration_status, tool_status, location, building, ownership, last_calibration_date, next_due_date, created_at) VALUES (23, 1, 'TEST-003', 'SN123456', 'TestCorp', 'Model-X', 'Test Tool 3', 'Measuring', 'Annual', NULL, 'Active', 'Lab A', NULL, 'Internal', NULL, NULL, '2025-06-09T16:30:04.285Z');
INSERT INTO cal.tools (id, company_id, number, serial_number, manufacturer, model, description, type, frequency, calibration_status, tool_status, location, building, ownership, last_calibration_date, next_due_date, created_at) VALUES (24, 1, 'TEST-004', NULL, 'TestCorp', 'Model-Y', 'Test Tool 4', 'Calibrating', 'Annual', NULL, 'Active', 'Lab B', NULL, 'External', NULL, NULL, '2025-06-09T16:30:04.359Z');
INSERT INTO cal.tools (id, company_id, number, serial_number, manufacturer, model, description, type, frequency, calibration_status, tool_status, location, building, ownership, last_calibration_date, next_due_date, created_at) VALUES (25, 1, 'TEST-005', 'SN789012', NULL, 'Model-Z', 'Test Tool 5', 'Testing', 'Quarterly', NULL, 'Active', NULL, NULL, 'Internal', NULL, NULL, '2025-06-09T16:30:04.433Z');
INSERT INTO cal.tools (id, company_id, number, serial_number, manufacturer, model, description, type, frequency, calibration_status, tool_status, location, building, ownership, last_calibration_date, next_due_date, created_at) VALUES (26, 3, '101', NULL, NULL, NULL, 'Snap Gage 2.0-3.0', 'In-House Calibrated', 'Annual', NULL, 'Active', '500-Inspection', '500', 'Inspection', NULL, NULL, '2025-06-09T16:30:50.914Z');
INSERT INTO cal.tools (id, company_id, number, serial_number, manufacturer, model, description, type, frequency, calibration_status, tool_status, location, building, ownership, last_calibration_date, next_due_date, created_at) VALUES (27, 3, '1015', NULL, NULL, NULL, 'Force Gage 500N', 'Vendor Calibrated', 'Annual', NULL, 'Active', 'Engineering', '500', 'Engineering', NULL, NULL, '2025-06-09T16:30:50.985Z');
INSERT INTO cal.tools (id, company_id, number, serial_number, manufacturer, model, description, type, frequency, calibration_status, tool_status, location, building, ownership, last_calibration_date, next_due_date, created_at) VALUES (28, 3, '102', NULL, NULL, NULL, 'Snap Gage 3.0-4.0', 'In-House Calibrated', 'Annual', NULL, 'Active', '500-Inspection', '500', 'Inspection', NULL, NULL, '2025-06-09T16:30:51.053Z');
INSERT INTO cal.tools (id, company_id, number, serial_number, manufacturer, model, description, type, frequency, calibration_status, tool_status, location, building, ownership, last_calibration_date, next_due_date, created_at) VALUES (29, 3, '103', NULL, NULL, NULL, 'Blade Micrometer 0.0-1.0', 'In-House Calibrated', 'Annual', NULL, 'Active', '500-Inspection', '500', 'Inspection', NULL, NULL, '2025-06-09T16:30:51.118Z');
INSERT INTO cal.tools (id, company_id, number, serial_number, manufacturer, model, description, type, frequency, calibration_status, tool_status, location, building, ownership, last_calibration_date, next_due_date, created_at) VALUES (30, 3, '104', NULL, NULL, NULL, 'Micrometer 5.0-6.0', 'In-House Calibrated', 'Annual', NULL, 'Active', '500-Inspection', '500', 'Inspection', NULL, NULL, '2025-06-09T16:30:51.184Z');
INSERT INTO cal.tools (id, company_id, number, serial_number, manufacturer, model, description, type, frequency, calibration_status, tool_status, location, building, ownership, last_calibration_date, next_due_date, created_at) VALUES (31, 3, '105', NULL, NULL, NULL, 'Gage Block Set - CERAMIC', 'Vendor Calibrated', 'Annual', NULL, 'Active', '500-Inspection', '500', 'Inspection', NULL, NULL, '2025-06-09T16:30:51.250Z');
INSERT INTO cal.tools (id, company_id, number, serial_number, manufacturer, model, description, type, frequency, calibration_status, tool_status, location, building, ownership, last_calibration_date, next_due_date, created_at) VALUES (32, 3, '106', NULL, NULL, NULL, 'Caliper 0-24', 'In-House Calibrated', 'Annual', NULL, 'Active', '500-Inspection', '500', 'Inspection', NULL, NULL, '2025-06-09T16:30:51.316Z');
INSERT INTO cal.tools (id, company_id, number, serial_number, manufacturer, model, description, type, frequency, calibration_status, tool_status, location, building, ownership, last_calibration_date, next_due_date, created_at) VALUES (33, 3, '107', NULL, NULL, NULL, 'Bore Gage 0.6-1.4', 'In-House Calibrated', 'Annual', NULL, 'Active', '500-Inspection', '500', 'Inspection', NULL, NULL, '2025-06-09T16:30:51.383Z');
INSERT INTO cal.tools (id, company_id, number, serial_number, manufacturer, model, description, type, frequency, calibration_status, tool_status, location, building, ownership, last_calibration_date, next_due_date, created_at) VALUES (34, 3, '108', NULL, NULL, NULL, 'Bore Gage 0.24-0.4', 'In-House Calibrated', 'Annual', NULL, 'Active', '500-Inspection', '500', 'Inspection', NULL, NULL, '2025-06-09T16:30:51.449Z');
INSERT INTO cal.tools (id, company_id, number, serial_number, manufacturer, model, description, type, frequency, calibration_status, tool_status, location, building, ownership, last_calibration_date, next_due_date, created_at) VALUES (35, 3, '109', NULL, NULL, NULL, 'Micrometer 2.0-3.0', 'In-House Calibrated', 'Annual', NULL, 'Active', '500-Inspection', '500', 'Inspection', NULL, NULL, '2025-06-09T16:30:51.517Z');
INSERT INTO cal.tools (id, company_id, number, serial_number, manufacturer, model, description, type, frequency, calibration_status, tool_status, location, building, ownership, last_calibration_date, next_due_date, created_at) VALUES (36, 3, '110', NULL, NULL, NULL, 'Micrometer 0.0-1.0', 'In-House Calibrated', 'Annual', NULL, 'Active', '500-Inspection', '500', 'Inspection', NULL, NULL, '2025-06-09T16:30:51.583Z');
INSERT INTO cal.tools (id, company_id, number, serial_number, manufacturer, model, description, type, frequency, calibration_status, tool_status, location, building, ownership, last_calibration_date, next_due_date, created_at) VALUES (37, 3, '111', NULL, NULL, NULL, 'Caliper 0-24', 'In-House Calibrated', 'Annual', NULL, 'Active', '500-Inspection', '500', 'Inspection', NULL, NULL, '2025-06-09T16:30:51.650Z');
INSERT INTO cal.tools (id, company_id, number, serial_number, manufacturer, model, description, type, frequency, calibration_status, tool_status, location, building, ownership, last_calibration_date, next_due_date, created_at) VALUES (38, 3, '112', NULL, NULL, NULL, 'Bore Gage 2.0-6.0', 'In-House Calibrated', 'Annual', NULL, 'Active', '500-Inspection', '500', 'Inspection', NULL, NULL, '2025-06-09T16:30:51.717Z');
INSERT INTO cal.tools (id, company_id, number, serial_number, manufacturer, model, description, type, frequency, calibration_status, tool_status, location, building, ownership, last_calibration_date, next_due_date, created_at) VALUES (39, 3, '113', NULL, NULL, NULL, 'Bore Gage 0.7-1.4', 'In-House Calibrated', 'Annual', NULL, 'Active', '500-Inspection', '500', 'Inspection', NULL, NULL, '2025-06-09T16:30:51.783Z');
INSERT INTO cal.tools (id, company_id, number, serial_number, manufacturer, model, description, type, frequency, calibration_status, tool_status, location, building, ownership, last_calibration_date, next_due_date, created_at) VALUES (40, 3, '114', NULL, NULL, NULL, 'Bore Gage 1.4-2.5', 'In-House Calibrated', 'Annual', NULL, 'Active', '500-Inspection', '500', 'Inspection', NULL, NULL, '2025-06-09T16:30:51.849Z');
INSERT INTO cal.tools (id, company_id, number, serial_number, manufacturer, model, description, type, frequency, calibration_status, tool_status, location, building, ownership, last_calibration_date, next_due_date, created_at) VALUES (41, 3, '115', NULL, NULL, NULL, 'Bore Gage 2.0-4.0', 'In-House Calibrated', 'Annual', NULL, 'Active', '500-Inspection', '500', 'Inspection', NULL, NULL, '2025-06-09T16:30:51.914Z');
INSERT INTO cal.tools (id, company_id, number, serial_number, manufacturer, model, description, type, frequency, calibration_status, tool_status, location, building, ownership, last_calibration_date, next_due_date, created_at) VALUES (42, 3, '116', NULL, NULL, NULL, 'Bore Gage 2.0-4.0', 'In-House Calibrated', 'Annual', NULL, 'Active', '500-Inspection', '500', 'Inspection', NULL, NULL, '2025-06-09T16:30:51.981Z');
INSERT INTO cal.tools (id, company_id, number, serial_number, manufacturer, model, description, type, frequency, calibration_status, tool_status, location, building, ownership, last_calibration_date, next_due_date, created_at) VALUES (43, 3, '117', NULL, NULL, NULL, 'Blade Micrometer 1.0-2.0', 'In-House Calibrated', 'Annual', NULL, 'Active', '500-Inspection', '500', 'Inspection', NULL, NULL, '2025-06-09T16:30:52.048Z');
INSERT INTO cal.tools (id, company_id, number, serial_number, manufacturer, model, description, type, frequency, calibration_status, tool_status, location, building, ownership, last_calibration_date, next_due_date, created_at) VALUES (44, 3, '118', NULL, NULL, NULL, 'Blade Micrometer 2.0-3.0', 'In-House Calibrated', 'Annual', NULL, 'Active', '500-Inspection', '500', 'Inspection', NULL, NULL, '2025-06-09T16:30:52.114Z');
INSERT INTO cal.tools (id, company_id, number, serial_number, manufacturer, model, description, type, frequency, calibration_status, tool_status, location, building, ownership, last_calibration_date, next_due_date, created_at) VALUES (45, 3, '119', NULL, NULL, NULL, 'Disc Micrometer 0.0-1.0', 'In-House Calibrated', 'Annual', NULL, 'Active', '500-Inspection', '500', 'Inspection', NULL, NULL, '2025-06-09T16:30:52.180Z');
INSERT INTO cal.tools (id, company_id, number, serial_number, manufacturer, model, description, type, frequency, calibration_status, tool_status, location, building, ownership, last_calibration_date, next_due_date, created_at) VALUES (46, 3, '120', NULL, NULL, NULL, 'Flange Micrometer 0.0-1.0', 'In-House Calibrated', 'Annual', NULL, 'Active', '500-Inspection', '500', 'Inspection', NULL, NULL, '2025-06-09T16:30:52.246Z');
INSERT INTO cal.tools (id, company_id, number, serial_number, manufacturer, model, description, type, frequency, calibration_status, tool_status, location, building, ownership, last_calibration_date, next_due_date, created_at) VALUES (47, 3, '121', NULL, NULL, NULL, 'Snap Gage 0.0-1.0', 'In-House Calibrated', 'Annual', NULL, 'Active', '500-Inspection', '500', 'Inspection', NULL, NULL, '2025-06-09T16:30:52.312Z');
INSERT INTO cal.tools (id, company_id, number, serial_number, manufacturer, model, description, type, frequency, calibration_status, tool_status, location, building, ownership, last_calibration_date, next_due_date, created_at) VALUES (48, 3, '122', NULL, NULL, NULL, 'Thread Micrometer 0.0-1.0', 'In-House Calibrated', 'Annual', NULL, 'Active', '500-Inspection', '500', 'Inspection', NULL, NULL, '2025-06-09T16:30:52.380Z');
INSERT INTO cal.tools (id, company_id, number, serial_number, manufacturer, model, description, type, frequency, calibration_status, tool_status, location, building, ownership, last_calibration_date, next_due_date, created_at) VALUES (49, 3, '123', NULL, NULL, NULL, 'Thread Micrometer 1.0-2.0', 'In-House Calibrated', 'Annual', NULL, 'Active', '500-Inspection', '500', 'Inspection', NULL, NULL, '2025-06-09T16:30:52.450Z');
INSERT INTO cal.tools (id, company_id, number, serial_number, manufacturer, model, description, type, frequency, calibration_status, tool_status, location, building, ownership, last_calibration_date, next_due_date, created_at) VALUES (50, 3, '124', NULL, NULL, NULL, 'Thread Micrometer 2.0-3.0', 'In-House Calibrated', 'Annual', NULL, 'Active', '500-Inspection', '500', 'Inspection', '2025-06-16T15:39:05.618Z', '2026-06-16T15:39:05.618Z', '2025-06-09T16:30:52.519Z');
INSERT INTO cal.tools (id, company_id, number, serial_number, manufacturer, model, description, type, frequency, calibration_status, tool_status, location, building, ownership, last_calibration_date, next_due_date, created_at) VALUES (51, 3, '125', NULL, NULL, NULL, 'Micrometer 8.0-9.0', 'In-House Calibrated', 'Annual', NULL, 'Active', '500-Inspection', '500', 'Inspection', NULL, NULL, '2025-06-09T16:30:52.586Z');
INSERT INTO cal.tools (id, company_id, number, serial_number, manufacturer, model, description, type, frequency, calibration_status, tool_status, location, building, ownership, last_calibration_date, next_due_date, created_at) VALUES (52, 3, '126', NULL, NULL, NULL, 'Micrometer 1.0-2.0', 'In-House Calibrated', 'Annual', NULL, 'Active', '500-Inspection', '500', 'Inspection', NULL, NULL, '2025-06-09T16:30:52.653Z');
INSERT INTO cal.tools (id, company_id, number, serial_number, manufacturer, model, description, type, frequency, calibration_status, tool_status, location, building, ownership, last_calibration_date, next_due_date, created_at) VALUES (53, 3, '127', NULL, NULL, NULL, 'Micrometer 2.0-3.0', 'In-House Calibrated', 'Annual', NULL, 'Active', 'Mazak Lathe', '500', 'Inspection', NULL, NULL, '2025-06-09T16:30:52.722Z');
INSERT INTO cal.tools (id, company_id, number, serial_number, manufacturer, model, description, type, frequency, calibration_status, tool_status, location, building, ownership, last_calibration_date, next_due_date, created_at) VALUES (54, 3, '128', NULL, NULL, NULL, 'Micrometer 3.0-4.0', 'In-House Calibrated', 'Annual', NULL, 'Active', 'Mazak Lathe', '500', 'Inspection', NULL, NULL, '2025-06-09T16:30:52.789Z');
INSERT INTO cal.tools (id, company_id, number, serial_number, manufacturer, model, description, type, frequency, calibration_status, tool_status, location, building, ownership, last_calibration_date, next_due_date, created_at) VALUES (55, 3, '129', '0004785', NULL, NULL, 'Snap Gage 8.0-9.0', 'In-House Calibrated', 'Annual', NULL, 'Active', '500-Inspection', '500', 'Inspection', '2025-08-25T18:31:22.097Z', '2026-08-25T18:31:22.097Z', '2025-06-09T16:30:52.856Z');
INSERT INTO cal.tools (id, company_id, number, serial_number, manufacturer, model, description, type, frequency, calibration_status, tool_status, location, building, ownership, last_calibration_date, next_due_date, created_at) VALUES (56, 3, '130', NULL, NULL, NULL, 'Micrometer 5.0-6.0', 'In-House Calibrated', 'Annual', NULL, 'Active', '500-Inspection', '500', 'Inspection', NULL, NULL, '2025-06-09T16:30:53.060Z');
INSERT INTO cal.tools (id, company_id, number, serial_number, manufacturer, model, description, type, frequency, calibration_status, tool_status, location, building, ownership, last_calibration_date, next_due_date, created_at) VALUES (57, 3, '131', NULL, NULL, NULL, 'Micrometer 1.0-2.0', 'In-House Calibrated', 'Annual', NULL, 'Active', '500-Inspection', '500', 'Inspection', NULL, NULL, '2025-06-09T16:30:53.127Z');
INSERT INTO cal.tools (id, company_id, number, serial_number, manufacturer, model, description, type, frequency, calibration_status, tool_status, location, building, ownership, last_calibration_date, next_due_date, created_at) VALUES (58, 3, '132', NULL, NULL, NULL, 'Micrometer 7.0-8.0', 'In-House Calibrated', 'Annual', NULL, 'Active', 'Mazak Lathe', '500', 'Inspection', NULL, NULL, '2025-06-09T16:30:53.194Z');
INSERT INTO cal.tools (id, company_id, number, serial_number, manufacturer, model, description, type, frequency, calibration_status, tool_status, location, building, ownership, last_calibration_date, next_due_date, created_at) VALUES (59, 3, '133', NULL, NULL, NULL, 'Micrometer 8.0-9.0', 'In-House Calibrated', 'Annual', NULL, 'Active', '500-Inspection', '500', 'Inspection', NULL, NULL, '2025-06-09T16:30:53.261Z');
INSERT INTO cal.tools (id, company_id, number, serial_number, manufacturer, model, description, type, frequency, calibration_status, tool_status, location, building, ownership, last_calibration_date, next_due_date, created_at) VALUES (60, 3, '134', NULL, NULL, NULL, 'Micrometer 9.0-10.0', 'In-House Calibrated', 'Annual', NULL, 'Active', 'Mazak Lathe', '500', 'Inspection', NULL, NULL, '2025-06-09T16:30:53.327Z');
INSERT INTO cal.tools (id, company_id, number, serial_number, manufacturer, model, description, type, frequency, calibration_status, tool_status, location, building, ownership, last_calibration_date, next_due_date, created_at) VALUES (61, 3, '135', NULL, NULL, NULL, 'Durometer A Scale', 'Vendor Calibrated', 'Annual', NULL, 'Active', '500-Inspection', '500', 'Inspection', NULL, NULL, '2025-06-09T16:30:53.394Z');
INSERT INTO cal.tools (id, company_id, number, serial_number, manufacturer, model, description, type, frequency, calibration_status, tool_status, location, building, ownership, last_calibration_date, next_due_date, created_at) VALUES (62, 3, '136', NULL, NULL, NULL, 'Micrometer 11.0-12.0', 'In-House Calibrated', 'Annual', NULL, 'Active', 'Mazak Lathe', '500', 'Inspection', NULL, NULL, '2025-06-09T16:30:53.466Z');
INSERT INTO cal.tools (id, company_id, number, serial_number, manufacturer, model, description, type, frequency, calibration_status, tool_status, location, building, ownership, last_calibration_date, next_due_date, created_at) VALUES (63, 3, '137', NULL, NULL, NULL, 'Micrometer 1.0-2.0', 'In-House Calibrated', 'Annual', NULL, 'Active', '500-Inspection', '500', 'Inspection', NULL, NULL, '2025-06-09T16:30:53.534Z');
INSERT INTO cal.tools (id, company_id, number, serial_number, manufacturer, model, description, type, frequency, calibration_status, tool_status, location, building, ownership, last_calibration_date, next_due_date, created_at) VALUES (64, 3, '139', NULL, NULL, NULL, 'Polytype 0.0002 Indicator', 'Vendor Calibrated', 'Annual', NULL, 'Active', '500-Inspection', '500', 'Inspection', NULL, NULL, '2025-06-09T16:30:53.604Z');
INSERT INTO cal.tools (id, company_id, number, serial_number, manufacturer, model, description, type, frequency, calibration_status, tool_status, location, building, ownership, last_calibration_date, next_due_date, created_at) VALUES (65, 3, '140', NULL, NULL, NULL, 'Snap Gage 1.0-2.0', 'In-House Calibrated', 'Annual', NULL, 'Active', '500-Inspection', '500', 'Inspection', NULL, NULL, '2025-06-09T16:30:53.670Z');
INSERT INTO cal.tools (id, company_id, number, serial_number, manufacturer, model, description, type, frequency, calibration_status, tool_status, location, building, ownership, last_calibration_date, next_due_date, created_at) VALUES (66, 3, '141', NULL, NULL, NULL, 'Snap Gage 2.0-3.0', 'In-House Calibrated', 'Annual', NULL, 'Active', '500-Inspection', '500', 'Inspection', NULL, NULL, '2025-06-09T16:30:53.737Z');
INSERT INTO cal.tools (id, company_id, number, serial_number, manufacturer, model, description, type, frequency, calibration_status, tool_status, location, building, ownership, last_calibration_date, next_due_date, created_at) VALUES (67, 3, '142', NULL, NULL, NULL, 'Snap Gage 3.0-4.0', 'In-House Calibrated', 'Annual', NULL, 'Active', '500-Inspection', '500', 'Inspection', '2025-06-17T15:51:35.485Z', '2026-06-17T15:51:35.485Z', '2025-06-09T16:30:53.803Z');
INSERT INTO cal.tools (id, company_id, number, serial_number, manufacturer, model, description, type, frequency, calibration_status, tool_status, location, building, ownership, last_calibration_date, next_due_date, created_at) VALUES (68, 3, '143', NULL, NULL, NULL, 'Deep Throat Micrometer 0.0-1.0', 'In-House Calibrated', 'Annual', NULL, 'Active', '500-Inspection', '500', 'Inspection', '2025-06-17T15:52:50.649Z', '2026-06-17T15:52:50.649Z', '2025-06-09T16:30:53.870Z');
INSERT INTO cal.tools (id, company_id, number, serial_number, manufacturer, model, description, type, frequency, calibration_status, tool_status, location, building, ownership, last_calibration_date, next_due_date, created_at) VALUES (69, 3, '144', NULL, NULL, NULL, 'Micrometer 12.0-16.0', 'In-House Calibrated', 'Annual', NULL, 'Active', '500-Inspection', '500', 'Inspection', '2025-06-17T17:21:56.825Z', '2026-06-17T17:21:56.825Z', '2025-06-09T16:30:53.936Z');
INSERT INTO cal.tools (id, company_id, number, serial_number, manufacturer, model, description, type, frequency, calibration_status, tool_status, location, building, ownership, last_calibration_date, next_due_date, created_at) VALUES (70, 3, '145', NULL, NULL, NULL, 'Micrometer 16.0-17.0', 'In-House Calibrated', 'Annual', NULL, 'Active', '500-Inspection', '500', 'Inspection', '2025-06-17T17:38:01.158Z', '2026-06-17T17:38:01.158Z', '2025-06-09T16:30:54.003Z');
INSERT INTO cal.tools (id, company_id, number, serial_number, manufacturer, model, description, type, frequency, calibration_status, tool_status, location, building, ownership, last_calibration_date, next_due_date, created_at) VALUES (71, 3, '146', NULL, NULL, NULL, 'Micrometer 18.0-19.0', 'In-House Calibrated', 'Annual', NULL, 'Active', '500-Inspection', '500', 'Inspection', '2025-06-19T12:05:12.190Z', '2026-06-19T12:05:12.190Z', '2025-06-09T16:30:54.072Z');
INSERT INTO cal.tools (id, company_id, number, serial_number, manufacturer, model, description, type, frequency, calibration_status, tool_status, location, building, ownership, last_calibration_date, next_due_date, created_at) VALUES (72, 3, '147', NULL, NULL, NULL, 'Durometer D Scale', 'Vendor Calibrated', 'Annual', NULL, 'Active', '500-Inspection', '500', 'Inspection', '2025-06-24T17:23:17.821Z', '2026-06-24T17:23:17.821Z', '2025-06-09T16:30:54.139Z');
INSERT INTO cal.tools (id, company_id, number, serial_number, manufacturer, model, description, type, frequency, calibration_status, tool_status, location, building, ownership, last_calibration_date, next_due_date, created_at) VALUES (73, 3, '148', NULL, NULL, NULL, 'Snap Gage 1.0-2.0', 'In-House Calibrated', 'Annual', NULL, 'Active', '500-Inspection', '500', 'Inspection', '2025-06-24T17:34:12.136Z', '2026-06-24T17:34:12.136Z', '2025-06-09T16:30:54.206Z');
INSERT INTO cal.tools (id, company_id, number, serial_number, manufacturer, model, description, type, frequency, calibration_status, tool_status, location, building, ownership, last_calibration_date, next_due_date, created_at) VALUES (74, 3, '149', NULL, NULL, NULL, 'Snap Gage 0.0-1.0', 'In-House Calibrated', 'Annual', NULL, 'Active', '500-Inspection', '500', 'Inspection', '2025-06-24T17:55:17.126Z', '2026-06-24T17:55:17.126Z', '2025-06-09T16:30:54.274Z');
INSERT INTO cal.tools (id, company_id, number, serial_number, manufacturer, model, description, type, frequency, calibration_status, tool_status, location, building, ownership, last_calibration_date, next_due_date, created_at) VALUES (75, 3, '150', NULL, NULL, NULL, 'Indicator - Digital Gage Head', 'In-House Calibrated', 'Annual', NULL, 'Active', '500-Inspection', '500', 'Inspection', '2025-06-25T14:24:54.936Z', '2026-06-25T14:24:54.936Z', '2025-06-09T16:30:54.341Z');
INSERT INTO cal.tools (id, company_id, number, serial_number, manufacturer, model, description, type, frequency, calibration_status, tool_status, location, building, ownership, last_calibration_date, next_due_date, created_at) VALUES (76, 3, '151', NULL, NULL, NULL, 'Snap Gage 8.0-9.0', 'In-House Calibrated', 'Annual', NULL, 'Active', '500-Inspection', '500', 'Inspection', '2025-08-25T18:23:27.383Z', '2026-08-25T18:23:27.383Z', '2025-06-09T16:30:54.408Z');
INSERT INTO cal.tools (id, company_id, number, serial_number, manufacturer, model, description, type, frequency, calibration_status, tool_status, location, building, ownership, last_calibration_date, next_due_date, created_at) VALUES (77, 3, '152', NULL, NULL, NULL, 'Indicator - Digital Gage Head', 'In-House Calibrated', 'Annual', NULL, 'Active', '500-Inspection', '500', 'Inspection', '2025-06-25T15:33:46.525Z', '2026-06-25T15:33:46.525Z', '2025-06-09T16:30:54.476Z');
INSERT INTO cal.tools (id, company_id, number, serial_number, manufacturer, model, description, type, frequency, calibration_status, tool_status, location, building, ownership, last_calibration_date, next_due_date, created_at) VALUES (78, 3, '153', NULL, NULL, NULL, 'Indicator - Digital Gage Head', 'In-House Calibrated', 'Annual', NULL, 'Active', '500-Inspection', '500', 'Inspection', '2025-08-25T17:06:55.733Z', '2026-08-25T17:06:55.733Z', '2025-06-09T16:30:54.547Z');
INSERT INTO cal.tools (id, company_id, number, serial_number, manufacturer, model, description, type, frequency, calibration_status, tool_status, location, building, ownership, last_calibration_date, next_due_date, created_at) VALUES (79, 3, '154', NULL, NULL, NULL, 'Indicator - Digital Gage Head', 'In-House Calibrated', 'Annual', NULL, 'Active', '500-Inspection', '500', 'Inspection', '2025-06-16T17:09:18.142Z', '2026-06-16T17:09:18.142Z', '2025-06-09T16:30:54.613Z');
INSERT INTO cal.tools (id, company_id, number, serial_number, manufacturer, model, description, type, frequency, calibration_status, tool_status, location, building, ownership, last_calibration_date, next_due_date, created_at) VALUES (80, 3, '155', NULL, NULL, NULL, 'Indicator - Digital Gage Head', 'In-House Calibrated', 'Annual', NULL, 'Active', '500-Inspection', '500', 'Inspection', NULL, NULL, '2025-06-09T16:30:54.681Z');
INSERT INTO cal.tools (id, company_id, number, serial_number, manufacturer, model, description, type, frequency, calibration_status, tool_status, location, building, ownership, last_calibration_date, next_due_date, created_at) VALUES (81, 3, '156', NULL, NULL, NULL, 'Indicator - Digital Gage Head', 'In-House Calibrated', 'Annual', NULL, 'Active', '500-Inspection', '500', 'Inspection', '2025-08-25T14:04:16.560Z', '2026-08-25T14:04:16.560Z', '2025-06-09T16:30:54.747Z');
INSERT INTO cal.tools (id, company_id, number, serial_number, manufacturer, model, description, type, frequency, calibration_status, tool_status, location, building, ownership, last_calibration_date, next_due_date, created_at) VALUES (82, 3, '157', NULL, NULL, NULL, 'Inside Micrometer 8.0-40.0', 'In-House Calibrated', 'Annual', NULL, 'Active', '500-Inspection', '500', 'Inspection', '2025-08-25T14:15:41.229Z', '2026-08-25T14:15:41.229Z', '2025-06-09T16:30:54.814Z');
INSERT INTO cal.tools (id, company_id, number, serial_number, manufacturer, model, description, type, frequency, calibration_status, tool_status, location, building, ownership, last_calibration_date, next_due_date, created_at) VALUES (83, 3, '158', NULL, NULL, NULL, 'Indicator - Digital Gage Head', 'In-House Calibrated', 'Annual', NULL, 'Active', '500-Inspection', '500', 'Inspection', '2025-08-25T14:50:26.887Z', '2026-08-25T14:50:26.887Z', '2025-06-09T16:30:54.881Z');
INSERT INTO cal.tools (id, company_id, number, serial_number, manufacturer, model, description, type, frequency, calibration_status, tool_status, location, building, ownership, last_calibration_date, next_due_date, created_at) VALUES (84, 3, '159', NULL, NULL, NULL, 'Micrometer 22.0-23.0', 'In-House Calibrated', 'Annual', NULL, 'Active', '500-Inspection', '500', 'Inspection', '2025-08-25T17:07:48.483Z', '2026-08-25T17:07:48.483Z', '2025-06-09T16:30:55.061Z');
INSERT INTO cal.tools (id, company_id, number, serial_number, manufacturer, model, description, type, frequency, calibration_status, tool_status, location, building, ownership, last_calibration_date, next_due_date, created_at) VALUES (85, 3, '160', NULL, NULL, NULL, 'Micrometer 24.0-25.0', 'In-House Calibrated', 'Annual', NULL, 'Active', '500-Inspection', '500', 'Inspection', '2025-08-25T17:24:32.619Z', '2026-08-25T17:24:32.619Z', '2025-06-09T16:30:55.128Z');
INSERT INTO cal.tools (id, company_id, number, serial_number, manufacturer, model, description, type, frequency, calibration_status, tool_status, location, building, ownership, last_calibration_date, next_due_date, created_at) VALUES (86, 3, '161', NULL, NULL, NULL, 'Snap Gage 8.0-9.0', 'In-House Calibrated', 'Annual', NULL, 'Active', '500-Inspection', '500', 'Inspection', '2025-08-25T18:34:55.823Z', '2026-08-25T18:34:55.823Z', '2025-06-09T16:30:55.194Z');
INSERT INTO cal.tools (id, company_id, number, serial_number, manufacturer, model, description, type, frequency, calibration_status, tool_status, location, building, ownership, last_calibration_date, next_due_date, created_at) VALUES (87, 3, '162', NULL, NULL, NULL, 'Snap Gage 7.0-8.0', 'In-House Calibrated', 'Annual', NULL, 'Active', '500-Inspection', '500', 'Inspection', NULL, NULL, '2025-06-09T16:30:55.262Z');
INSERT INTO cal.tools (id, company_id, number, serial_number, manufacturer, model, description, type, frequency, calibration_status, tool_status, location, building, ownership, last_calibration_date, next_due_date, created_at) VALUES (88, 3, '163', NULL, NULL, NULL, 'Snap Gage 8.0-9.0', 'In-House Calibrated', 'Annual', NULL, 'Active', '500-Inspection', '500', 'Inspection', NULL, NULL, '2025-06-09T16:30:55.330Z');
INSERT INTO cal.tools (id, company_id, number, serial_number, manufacturer, model, description, type, frequency, calibration_status, tool_status, location, building, ownership, last_calibration_date, next_due_date, created_at) VALUES (89, 3, '164', NULL, NULL, NULL, 'Indicator - Digital Gage Head', 'In-House Calibrated', 'Annual', NULL, 'Active', '500-Inspection', '500', 'Inspection', NULL, NULL, '2025-06-09T16:30:55.398Z');
INSERT INTO cal.tools (id, company_id, number, serial_number, manufacturer, model, description, type, frequency, calibration_status, tool_status, location, building, ownership, last_calibration_date, next_due_date, created_at) VALUES (90, 3, '165', '91188', NULL, NULL, 'Snap Gage 7.0-8.0', 'In-House Calibrated', 'Annual', NULL, 'Active', '500-Inspection', '500', 'Inspection', '2025-08-25T18:48:37.982Z', '2026-08-25T18:48:37.982Z', '2025-06-09T16:30:55.464Z');
INSERT INTO cal.tools (id, company_id, number, serial_number, manufacturer, model, description, type, frequency, calibration_status, tool_status, location, building, ownership, last_calibration_date, next_due_date, created_at) VALUES (91, 3, '166', NULL, NULL, NULL, 'Micrometer 12.0-13.0', 'In-House Calibrated', 'Annual', NULL, 'Active', '500-Inspection', '500', 'Inspection', NULL, NULL, '2025-06-09T16:30:55.536Z');
INSERT INTO cal.tools (id, company_id, number, serial_number, manufacturer, model, description, type, frequency, calibration_status, tool_status, location, building, ownership, last_calibration_date, next_due_date, created_at) VALUES (92, 3, '167', NULL, NULL, NULL, 'Micrometer 2.0-3.0', 'In-House Calibrated', 'Annual', NULL, 'Active', '500-Inspection', '500', 'Inspection', NULL, NULL, '2025-06-09T16:30:55.606Z');
INSERT INTO cal.tools (id, company_id, number, serial_number, manufacturer, model, description, type, frequency, calibration_status, tool_status, location, building, ownership, last_calibration_date, next_due_date, created_at) VALUES (93, 3, '168', NULL, NULL, NULL, 'Micrometer 13.0-14.0', 'In-House Calibrated', 'Annual', NULL, 'Active', '500-Inspection', '500', 'Inspection', NULL, NULL, '2025-06-09T16:30:55.673Z');
INSERT INTO cal.tools (id, company_id, number, serial_number, manufacturer, model, description, type, frequency, calibration_status, tool_status, location, building, ownership, last_calibration_date, next_due_date, created_at) VALUES (94, 3, '169', NULL, NULL, NULL, 'Micrometer 17.0-18.0', 'In-House Calibrated', 'Annual', NULL, 'Active', '500-Inspection', '500', 'Inspection', NULL, NULL, '2025-06-09T16:30:55.740Z');
INSERT INTO cal.tools (id, company_id, number, serial_number, manufacturer, model, description, type, frequency, calibration_status, tool_status, location, building, ownership, last_calibration_date, next_due_date, created_at) VALUES (95, 3, '170', NULL, NULL, NULL, 'Micrometer 20.0-21.0', 'In-House Calibrated', 'Annual', NULL, 'Active', '500-Inspection', '500', 'Inspection', NULL, NULL, '2025-06-09T16:30:55.806Z');
INSERT INTO cal.tools (id, company_id, number, serial_number, manufacturer, model, description, type, frequency, calibration_status, tool_status, location, building, ownership, last_calibration_date, next_due_date, created_at) VALUES (96, 3, '171', NULL, NULL, NULL, 'Snap Gage 4.0-5.0', 'In-House Calibrated', 'Annual', NULL, 'Active', '500-Inspection', '500', 'Inspection', NULL, NULL, '2025-06-09T16:30:55.874Z');
INSERT INTO cal.tools (id, company_id, number, serial_number, manufacturer, model, description, type, frequency, calibration_status, tool_status, location, building, ownership, last_calibration_date, next_due_date, created_at) VALUES (97, 3, '172', NULL, NULL, NULL, 'Snap Gage 5.0-6.0', 'In-House Calibrated', 'Annual', NULL, 'Active', '500-Inspection', '500', 'Inspection', NULL, NULL, '2025-06-09T16:30:55.941Z');
INSERT INTO cal.tools (id, company_id, number, serial_number, manufacturer, model, description, type, frequency, calibration_status, tool_status, location, building, ownership, last_calibration_date, next_due_date, created_at) VALUES (98, 3, '173', NULL, NULL, NULL, 'Snap Gage 6.0-7.0', 'In-House Calibrated', 'Annual', NULL, 'Active', '500-Inspection', '500', 'Inspection', NULL, NULL, '2025-06-09T16:30:56.008Z');
INSERT INTO cal.tools (id, company_id, number, serial_number, manufacturer, model, description, type, frequency, calibration_status, tool_status, location, building, ownership, last_calibration_date, next_due_date, created_at) VALUES (99, 3, '174', NULL, NULL, NULL, 'Snap Gage 7.0-8.0', 'In-House Calibrated', 'Annual', NULL, 'Active', '500-Inspection', '500', 'Inspection', NULL, NULL, '2025-06-09T16:30:56.075Z');
INSERT INTO cal.tools (id, company_id, number, serial_number, manufacturer, model, description, type, frequency, calibration_status, tool_status, location, building, ownership, last_calibration_date, next_due_date, created_at) VALUES (100, 3, '175', NULL, NULL, NULL, 'Snap Gage 8.0-9.0', 'In-House Calibrated', 'Annual', NULL, 'Active', '500-Inspection', '500', 'Inspection', NULL, NULL, '2025-06-09T16:30:56.141Z');
INSERT INTO cal.tools (id, company_id, number, serial_number, manufacturer, model, description, type, frequency, calibration_status, tool_status, location, building, ownership, last_calibration_date, next_due_date, created_at) VALUES (101, 3, '176', NULL, NULL, NULL, 'Snap Gage 9.0-10.0', 'In-House Calibrated', 'Annual', NULL, 'Active', '500-Inspection', '500', 'Inspection', NULL, NULL, '2025-06-09T16:30:56.207Z');
INSERT INTO cal.tools (id, company_id, number, serial_number, manufacturer, model, description, type, frequency, calibration_status, tool_status, location, building, ownership, last_calibration_date, next_due_date, created_at) VALUES (102, 3, '177', NULL, NULL, NULL, 'Snap Gage 10.0-11.0', 'In-House Calibrated', 'Annual', NULL, 'Active', '500-Inspection', '500', 'Inspection', NULL, NULL, '2025-06-09T16:30:56.273Z');
INSERT INTO cal.tools (id, company_id, number, serial_number, manufacturer, model, description, type, frequency, calibration_status, tool_status, location, building, ownership, last_calibration_date, next_due_date, created_at) VALUES (103, 3, '178', NULL, NULL, NULL, 'Snap Gage 11.0-12.0', 'In-House Calibrated', 'Annual', NULL, 'Active', '500-Inspection', '500', 'Inspection', NULL, NULL, '2025-06-09T16:30:56.340Z');
INSERT INTO cal.tools (id, company_id, number, serial_number, manufacturer, model, description, type, frequency, calibration_status, tool_status, location, building, ownership, last_calibration_date, next_due_date, created_at) VALUES (104, 3, '179', NULL, NULL, NULL, 'Micrometer 21.0-22.0', 'In-House Calibrated', 'Annual', NULL, 'Active', '500-Inspection', '500', 'Inspection', NULL, NULL, '2025-06-09T16:30:56.406Z');
INSERT INTO cal.tools (id, company_id, number, serial_number, manufacturer, model, description, type, frequency, calibration_status, tool_status, location, building, ownership, last_calibration_date, next_due_date, created_at) VALUES (105, 3, '180', NULL, NULL, NULL, 'Snap Gage 6.0-7.0', 'In-House Calibrated', 'Annual', NULL, 'Active', '500-Inspection', '500', 'Inspection', NULL, NULL, '2025-06-09T16:30:56.474Z');
INSERT INTO cal.tools (id, company_id, number, serial_number, manufacturer, model, description, type, frequency, calibration_status, tool_status, location, building, ownership, last_calibration_date, next_due_date, created_at) VALUES (106, 3, '181', NULL, NULL, NULL, 'Snap Gage 9.0-10.0', 'In-House Calibrated', 'Annual', NULL, 'Active', '500-Inspection', '500', 'Inspection', NULL, NULL, '2025-06-09T16:30:56.540Z');
INSERT INTO cal.tools (id, company_id, number, serial_number, manufacturer, model, description, type, frequency, calibration_status, tool_status, location, building, ownership, last_calibration_date, next_due_date, created_at) VALUES (107, 3, '182', NULL, NULL, NULL, 'Snap Gage 4.0-5.0', 'In-House Calibrated', 'Annual', NULL, 'Active', '500-Inspection', '500', 'Inspection', NULL, NULL, '2025-06-09T16:30:56.607Z');
INSERT INTO cal.tools (id, company_id, number, serial_number, manufacturer, model, description, type, frequency, calibration_status, tool_status, location, building, ownership, last_calibration_date, next_due_date, created_at) VALUES (108, 3, '183', NULL, NULL, NULL, 'Micrometer 19.0-20.0', 'In-House Calibrated', 'Annual', NULL, 'Active', '500-Inspection', '500', 'Inspection', NULL, NULL, '2025-06-09T16:30:56.673Z');
INSERT INTO cal.tools (id, company_id, number, serial_number, manufacturer, model, description, type, frequency, calibration_status, tool_status, location, building, ownership, last_calibration_date, next_due_date, created_at) VALUES (109, 3, '184', NULL, NULL, NULL, 'Micrometer 23.0-24.0', 'In-House Calibrated', 'Annual', NULL, 'Active', '500-Inspection', '500', 'Inspection', NULL, NULL, '2025-06-09T16:30:56.740Z');
INSERT INTO cal.tools (id, company_id, number, serial_number, manufacturer, model, description, type, frequency, calibration_status, tool_status, location, building, ownership, last_calibration_date, next_due_date, created_at) VALUES (110, 3, '185', NULL, NULL, NULL, 'Snap Gage 5.0-6.0', 'In-House Calibrated', 'Annual', NULL, 'Active', '500-Inspection', '500', 'Inspection', NULL, NULL, '2025-06-09T16:30:56.805Z');
INSERT INTO cal.tools (id, company_id, number, serial_number, manufacturer, model, description, type, frequency, calibration_status, tool_status, location, building, ownership, last_calibration_date, next_due_date, created_at) VALUES (111, 3, '186', NULL, NULL, NULL, 'Micrometer 1.0-2.0', 'In-House Calibrated', 'Annual', NULL, 'Active', '500-Inspection', '500', 'Inspection', NULL, NULL, '2025-06-09T16:30:56.872Z');
INSERT INTO cal.tools (id, company_id, number, serial_number, manufacturer, model, description, type, frequency, calibration_status, tool_status, location, building, ownership, last_calibration_date, next_due_date, created_at) VALUES (112, 3, '187', NULL, NULL, NULL, 'Indicator - Digital Gage Head', 'In-House Calibrated', 'Annual', NULL, 'Active', '500-Inspection', '500', 'Inspection', NULL, NULL, '2025-06-09T16:30:57.073Z');
INSERT INTO cal.tools (id, company_id, number, serial_number, manufacturer, model, description, type, frequency, calibration_status, tool_status, location, building, ownership, last_calibration_date, next_due_date, created_at) VALUES (113, 3, '188', NULL, NULL, NULL, 'Micrometer 8.0-9.0', 'In-House Calibrated', 'Annual', NULL, 'Active', '500-Inspection', '500', 'Inspection', NULL, NULL, '2025-06-09T16:30:57.139Z');
INSERT INTO cal.tools (id, company_id, number, serial_number, manufacturer, model, description, type, frequency, calibration_status, tool_status, location, building, ownership, last_calibration_date, next_due_date, created_at) VALUES (114, 3, '189', NULL, NULL, NULL, 'Micrometer 3.0-4.0', 'In-House Calibrated', 'Annual', NULL, 'Active', '500-Inspection', '500', 'Inspection', NULL, NULL, '2025-06-09T16:30:57.205Z');
INSERT INTO cal.tools (id, company_id, number, serial_number, manufacturer, model, description, type, frequency, calibration_status, tool_status, location, building, ownership, last_calibration_date, next_due_date, created_at) VALUES (115, 3, '190', NULL, NULL, NULL, 'Micrometer 5.0-6.0', 'In-House Calibrated', 'Annual', NULL, 'Active', '500-Inspection', '500', 'Inspection', NULL, NULL, '2025-06-09T16:30:57.270Z');
INSERT INTO cal.tools (id, company_id, number, serial_number, manufacturer, model, description, type, frequency, calibration_status, tool_status, location, building, ownership, last_calibration_date, next_due_date, created_at) VALUES (116, 3, '191', NULL, NULL, NULL, 'Micrometer 6.0-7.0', 'In-House Calibrated', 'Annual', NULL, 'Active', '500-Inspection', '500', 'Inspection', NULL, NULL, '2025-06-09T16:30:57.336Z');
INSERT INTO cal.tools (id, company_id, number, serial_number, manufacturer, model, description, type, frequency, calibration_status, tool_status, location, building, ownership, last_calibration_date, next_due_date, created_at) VALUES (117, 3, '192', NULL, NULL, NULL, 'Micrometer 7.0-8.0', 'In-House Calibrated', 'Annual', NULL, 'Active', '500-Inspection', '500', 'Inspection', NULL, NULL, '2025-06-09T16:30:57.403Z');
INSERT INTO cal.tools (id, company_id, number, serial_number, manufacturer, model, description, type, frequency, calibration_status, tool_status, location, building, ownership, last_calibration_date, next_due_date, created_at) VALUES (118, 3, '193', NULL, NULL, NULL, 'Micrometer 8.0-9.0', 'In-House Calibrated', 'Annual', NULL, 'Active', '500-Inspection', '500', 'Inspection', NULL, NULL, '2025-06-09T16:30:57.473Z');
INSERT INTO cal.tools (id, company_id, number, serial_number, manufacturer, model, description, type, frequency, calibration_status, tool_status, location, building, ownership, last_calibration_date, next_due_date, created_at) VALUES (119, 3, '194', NULL, NULL, NULL, 'Tube Micrometer 0.0-1.0', 'In-House Calibrated', 'Annual', NULL, 'Active', '500-Inspection', '500', 'Inspection', NULL, NULL, '2025-06-09T16:30:57.540Z');
INSERT INTO cal.tools (id, company_id, number, serial_number, manufacturer, model, description, type, frequency, calibration_status, tool_status, location, building, ownership, last_calibration_date, next_due_date, created_at) VALUES (120, 3, '195', NULL, NULL, NULL, 'Micrometer 10.0-11.0', 'In-House Calibrated', 'Annual', NULL, 'Active', '500-Inspection', '500', 'Inspection', NULL, NULL, '2025-06-09T16:30:57.606Z');
INSERT INTO cal.tools (id, company_id, number, serial_number, manufacturer, model, description, type, frequency, calibration_status, tool_status, location, building, ownership, last_calibration_date, next_due_date, created_at) VALUES (121, 3, '196', NULL, NULL, NULL, 'Micrometer 11.0-12.0', 'In-House Calibrated', 'Annual', NULL, 'Active', '500-Inspection', '500', 'Inspection', NULL, NULL, '2025-06-09T16:30:57.673Z');
INSERT INTO cal.tools (id, company_id, number, serial_number, manufacturer, model, description, type, frequency, calibration_status, tool_status, location, building, ownership, last_calibration_date, next_due_date, created_at) VALUES (122, 3, '197', NULL, NULL, NULL, 'Micrometer 11.0-12.0', 'In-House Calibrated', 'Annual', NULL, 'Active', '500-Inspection', '500', 'Inspection', NULL, NULL, '2025-06-09T16:30:57.739Z');
INSERT INTO cal.tools (id, company_id, number, serial_number, manufacturer, model, description, type, frequency, calibration_status, tool_status, location, building, ownership, last_calibration_date, next_due_date, created_at) VALUES (123, 3, '198', NULL, NULL, NULL, 'Micrometer 9.0-10.0', 'In-House Calibrated', 'Annual', NULL, 'Active', '500-Inspection', '500', 'Inspection', NULL, NULL, '2025-06-09T16:30:57.805Z');
INSERT INTO cal.tools (id, company_id, number, serial_number, manufacturer, model, description, type, frequency, calibration_status, tool_status, location, building, ownership, last_calibration_date, next_due_date, created_at) VALUES (124, 3, '200', NULL, NULL, NULL, 'Micrometer 14.0-15.0', 'In-House Calibrated', 'Annual', NULL, 'Active', '500-Inspection', '500', 'Inspection', NULL, NULL, '2025-06-09T16:30:57.872Z');
INSERT INTO cal.tools (id, company_id, number, serial_number, manufacturer, model, description, type, frequency, calibration_status, tool_status, location, building, ownership, last_calibration_date, next_due_date, created_at) VALUES (125, 3, '201', NULL, NULL, NULL, 'Micrometer 12.0-13.0', 'In-House Calibrated', 'Annual', NULL, 'Active', '500-Inspection', '500', 'Inspection', NULL, NULL, '2025-06-09T16:30:57.937Z');
INSERT INTO cal.tools (id, company_id, number, serial_number, manufacturer, model, description, type, frequency, calibration_status, tool_status, location, building, ownership, last_calibration_date, next_due_date, created_at) VALUES (126, 3, '202', NULL, NULL, NULL, 'Indicator - Dial', 'In-House Calibrated', 'Annual', NULL, 'Active', '500-Inspection', '500', 'Inspection', NULL, NULL, '2025-06-09T16:30:58.003Z');
INSERT INTO cal.tools (id, company_id, number, serial_number, manufacturer, model, description, type, frequency, calibration_status, tool_status, location, building, ownership, last_calibration_date, next_due_date, created_at) VALUES (127, 3, '203', NULL, NULL, NULL, 'Micrometer 15.0-16.0', 'In-House Calibrated', 'Annual', NULL, 'Active', '500-Inspection', '500', 'Inspection', NULL, NULL, '2025-06-09T16:30:58.069Z');
INSERT INTO cal.tools (id, company_id, number, serial_number, manufacturer, model, description, type, frequency, calibration_status, tool_status, location, building, ownership, last_calibration_date, next_due_date, created_at) VALUES (128, 3, '204', NULL, NULL, NULL, 'Gage Block Set - STEEL', 'Vendor Calibrated', 'Annual', NULL, 'Active', '500-Inspection', '500', 'Inspection', NULL, NULL, '2025-06-09T16:30:58.135Z');
INSERT INTO cal.tools (id, company_id, number, serial_number, manufacturer, model, description, type, frequency, calibration_status, tool_status, location, building, ownership, last_calibration_date, next_due_date, created_at) VALUES (129, 3, '205', NULL, NULL, NULL, 'Bore Gage 6.0-10.0', 'In-House Calibrated', 'Annual', NULL, 'Active', '500-Inspection', '500', 'Inspection', NULL, NULL, '2025-06-09T16:30:58.202Z');
INSERT INTO cal.tools (id, company_id, number, serial_number, manufacturer, model, description, type, frequency, calibration_status, tool_status, location, building, ownership, last_calibration_date, next_due_date, created_at) VALUES (130, 3, '206', NULL, NULL, NULL, 'Micrometer 4.0-5.0', 'In-House Calibrated', 'Annual', NULL, 'Active', '500-Inspection', '500', 'Inspection', NULL, NULL, '2025-06-09T16:30:58.267Z');
INSERT INTO cal.tools (id, company_id, number, serial_number, manufacturer, model, description, type, frequency, calibration_status, tool_status, location, building, ownership, last_calibration_date, next_due_date, created_at) VALUES (131, 3, '215', NULL, NULL, NULL, 'Bore Gage 1.4-2.4', 'In-House Calibrated', 'Annual', NULL, 'Active', '500-Inspection', '500', 'Inspection', NULL, NULL, '2025-06-09T16:30:58.331Z');
INSERT INTO cal.tools (id, company_id, number, serial_number, manufacturer, model, description, type, frequency, calibration_status, tool_status, location, building, ownership, last_calibration_date, next_due_date, created_at) VALUES (132, 3, '216', NULL, NULL, NULL, 'Indical Caliper', 'In-House Calibrated', 'Annual', NULL, 'Active', '500-Inspection', '500', 'Inspection', NULL, NULL, '2025-06-09T16:30:58.399Z');
INSERT INTO cal.tools (id, company_id, number, serial_number, manufacturer, model, description, type, frequency, calibration_status, tool_status, location, building, ownership, last_calibration_date, next_due_date, created_at) VALUES (133, 3, '217', NULL, NULL, NULL, 'Protractor', 'In-House Calibrated', 'Annual', NULL, 'Active', '500-Inspection', '500', 'Inspection', NULL, NULL, '2025-06-09T16:30:58.465Z');
INSERT INTO cal.tools (id, company_id, number, serial_number, manufacturer, model, description, type, frequency, calibration_status, tool_status, location, building, ownership, last_calibration_date, next_due_date, created_at) VALUES (134, 3, '250', NULL, NULL, NULL, 'Micrometer 10.0-11.0', 'In-House Calibrated', 'Annual', NULL, 'Active', '500-Inspection', '500', 'Inspection', NULL, NULL, '2025-06-09T16:30:58.532Z');
INSERT INTO cal.tools (id, company_id, number, serial_number, manufacturer, model, description, type, frequency, calibration_status, tool_status, location, building, ownership, last_calibration_date, next_due_date, created_at) VALUES (135, 3, '251', NULL, NULL, NULL, 'Force Gage 500N', 'Vendor Calibrated', 'Annual', NULL, 'Active', '500-Inspection', '500', 'Inspection', NULL, NULL, '2025-06-09T16:30:58.597Z');
INSERT INTO cal.tools (id, company_id, number, serial_number, manufacturer, model, description, type, frequency, calibration_status, tool_status, location, building, ownership, last_calibration_date, next_due_date, created_at) VALUES (136, 3, '252', NULL, NULL, NULL, 'Micrometer 0.0-1.0', 'In-House Calibrated', 'Annual', NULL, 'Active', 'Mazak Lathe', '500', 'Inspection', NULL, NULL, '2025-06-09T16:30:58.663Z');
INSERT INTO cal.tools (id, company_id, number, serial_number, manufacturer, model, description, type, frequency, calibration_status, tool_status, location, building, ownership, last_calibration_date, next_due_date, created_at) VALUES (137, 3, '253', NULL, NULL, NULL, 'Micrometer 0.0-1.0', 'In-House Calibrated', 'Annual', NULL, 'Active', 'Mazak Lathe', '500', 'Inspection', NULL, NULL, '2025-06-09T16:30:58.729Z');
INSERT INTO cal.tools (id, company_id, number, serial_number, manufacturer, model, description, type, frequency, calibration_status, tool_status, location, building, ownership, last_calibration_date, next_due_date, created_at) VALUES (138, 3, '254', NULL, NULL, NULL, 'Micrometer 2.0-3.0', 'In-House Calibrated', 'Annual', NULL, 'Active', '500-Inspection', '500', 'Inspection', NULL, NULL, '2025-06-09T16:30:58.800Z');
INSERT INTO cal.tools (id, company_id, number, serial_number, manufacturer, model, description, type, frequency, calibration_status, tool_status, location, building, ownership, last_calibration_date, next_due_date, created_at) VALUES (139, 3, '255', NULL, NULL, NULL, 'Micrometer 3.0-4.0', 'In-House Calibrated', 'Annual', NULL, 'Active', '500-Inspection', '500', 'Inspection', NULL, NULL, '2025-06-09T16:30:58.867Z');
INSERT INTO cal.tools (id, company_id, number, serial_number, manufacturer, model, description, type, frequency, calibration_status, tool_status, location, building, ownership, last_calibration_date, next_due_date, created_at) VALUES (140, 3, '258', NULL, NULL, NULL, 'Micrometer 6.0-7.0', 'In-House Calibrated', 'Annual', NULL, 'Active', '500-Inspection', '500', 'Inspection', NULL, NULL, '2025-06-09T16:30:58.933Z');
INSERT INTO cal.tools (id, company_id, number, serial_number, manufacturer, model, description, type, frequency, calibration_status, tool_status, location, building, ownership, last_calibration_date, next_due_date, created_at) VALUES (141, 3, '259', NULL, NULL, NULL, 'Micrometer 7.0-8.0', 'In-House Calibrated', 'Annual', NULL, 'Active', '500-Inspection', '500', 'Inspection', NULL, NULL, '2025-06-09T16:30:58.999Z');
INSERT INTO cal.tools (id, company_id, number, serial_number, manufacturer, model, description, type, frequency, calibration_status, tool_status, location, building, ownership, last_calibration_date, next_due_date, created_at) VALUES (142, 3, '260', NULL, NULL, NULL, 'Micrometer 8.0-9.0', 'In-House Calibrated', 'Annual', NULL, 'Active', '500-Inspection', '500', 'Inspection', NULL, NULL, '2025-06-09T16:30:59.065Z');
INSERT INTO cal.tools (id, company_id, number, serial_number, manufacturer, model, description, type, frequency, calibration_status, tool_status, location, building, ownership, last_calibration_date, next_due_date, created_at) VALUES (143, 3, '279', NULL, NULL, NULL, 'Micrometer 4.0-5.0', 'In-House Calibrated', 'Annual', NULL, 'Active', '500-Inspection', '500', 'Inspection', NULL, NULL, '2025-06-09T16:30:59.132Z');
INSERT INTO cal.tools (id, company_id, number, serial_number, manufacturer, model, description, type, frequency, calibration_status, tool_status, location, building, ownership, last_calibration_date, next_due_date, created_at) VALUES (144, 3, '280', NULL, NULL, NULL, 'Micrometer 3.0-4.0', 'In-House Calibrated', 'Annual', NULL, 'Active', '500-Inspection', '500', 'Inspection', NULL, NULL, '2025-06-09T16:30:59.198Z');
INSERT INTO cal.tools (id, company_id, number, serial_number, manufacturer, model, description, type, frequency, calibration_status, tool_status, location, building, ownership, last_calibration_date, next_due_date, created_at) VALUES (145, 3, '281', NULL, NULL, NULL, 'Micrometer 4.0-5.0', 'In-House Calibrated', 'Annual', NULL, 'Active', '500-Inspection', '500', 'Inspection', '2025-07-10T17:38:24.757Z', '2026-07-10T17:38:24.757Z', '2025-06-09T16:30:59.266Z');
INSERT INTO cal.tools (id, company_id, number, serial_number, manufacturer, model, description, type, frequency, calibration_status, tool_status, location, building, ownership, last_calibration_date, next_due_date, created_at) VALUES (146, 3, '283', NULL, NULL, NULL, 'Flange Micrometer 1.0-2.0', 'In-House Calibrated', 'Annual', NULL, 'Active', '500-Inspection', '500', 'Inspection', NULL, NULL, '2025-06-09T16:30:59.336Z');
INSERT INTO cal.tools (id, company_id, number, serial_number, manufacturer, model, description, type, frequency, calibration_status, tool_status, location, building, ownership, last_calibration_date, next_due_date, created_at) VALUES (147, 3, '284', NULL, NULL, NULL, 'Flange Micrometer 2.0-3.0', 'In-House Calibrated', 'Annual', NULL, 'Active', '500-Inspection', '500', 'Inspection', NULL, NULL, '2025-06-09T16:30:59.532Z');
INSERT INTO cal.tools (id, company_id, number, serial_number, manufacturer, model, description, type, frequency, calibration_status, tool_status, location, building, ownership, last_calibration_date, next_due_date, created_at) VALUES (148, 3, '285', NULL, NULL, NULL, 'Indicator - Dial Groove Gage', 'In-House Calibrated', 'Annual', NULL, 'Active', '500-Inspection', '500', 'Inspection', NULL, NULL, '2025-06-09T16:30:59.601Z');
INSERT INTO cal.tools (id, company_id, number, serial_number, manufacturer, model, description, type, frequency, calibration_status, tool_status, location, building, ownership, last_calibration_date, next_due_date, created_at) VALUES (149, 3, '286', NULL, NULL, NULL, 'Bore Gage 2.0-12.4', 'In-House Calibrated', 'Annual', NULL, 'Active', '500-Inspection', '500', 'Inspection', NULL, NULL, '2025-06-09T16:30:59.668Z');
INSERT INTO cal.tools (id, company_id, number, serial_number, manufacturer, model, description, type, frequency, calibration_status, tool_status, location, building, ownership, last_calibration_date, next_due_date, created_at) VALUES (150, 3, '287', NULL, NULL, NULL, 'Caliper 0-40', 'In-House Calibrated', 'Annual', NULL, 'Active', '500-Inspection', '500', 'Inspection', NULL, NULL, '2025-06-09T16:30:59.733Z');
INSERT INTO cal.tools (id, company_id, number, serial_number, manufacturer, model, description, type, frequency, calibration_status, tool_status, location, building, ownership, last_calibration_date, next_due_date, created_at) VALUES (151, 3, '288', NULL, NULL, NULL, 'Caliper 0-40', 'In-House Calibrated', 'Annual', NULL, 'Active', '500-Inspection', '500', 'Inspection', NULL, NULL, '2025-06-09T16:30:59.799Z');
INSERT INTO cal.tools (id, company_id, number, serial_number, manufacturer, model, description, type, frequency, calibration_status, tool_status, location, building, ownership, last_calibration_date, next_due_date, created_at) VALUES (152, 3, '289', NULL, NULL, NULL, 'Indicator - Digital Gage Head', 'In-House Calibrated', 'Annual', NULL, 'Active', '500-Inspection', '500', 'Inspection', NULL, NULL, '2025-06-09T16:30:59.866Z');
INSERT INTO cal.tools (id, company_id, number, serial_number, manufacturer, model, description, type, frequency, calibration_status, tool_status, location, building, ownership, last_calibration_date, next_due_date, created_at) VALUES (153, 3, '290', NULL, NULL, NULL, 'Bore Gage 2.0-12.4', 'In-House Calibrated', 'Annual', NULL, 'Active', '500-Inspection', '500', 'Inspection', NULL, NULL, '2025-06-09T16:30:59.931Z');
INSERT INTO cal.tools (id, company_id, number, serial_number, manufacturer, model, description, type, frequency, calibration_status, tool_status, location, building, ownership, last_calibration_date, next_due_date, created_at) VALUES (154, 3, '294', NULL, NULL, NULL, 'Bore Gage 0.4-0.7', 'In-House Calibrated', 'Annual', NULL, 'Active', '500-Inspection', '500', 'Inspection', NULL, NULL, '2025-06-09T16:30:59.998Z');
INSERT INTO cal.tools (id, company_id, number, serial_number, manufacturer, model, description, type, frequency, calibration_status, tool_status, location, building, ownership, last_calibration_date, next_due_date, created_at) VALUES (155, 3, '308', NULL, NULL, NULL, 'Micrometer 15.0-16.0', 'In-House Calibrated', 'Annual', NULL, 'Active', '500-Inspection', '500', 'Inspection', NULL, NULL, '2025-06-09T16:31:00.064Z');
INSERT INTO cal.tools (id, company_id, number, serial_number, manufacturer, model, description, type, frequency, calibration_status, tool_status, location, building, ownership, last_calibration_date, next_due_date, created_at) VALUES (156, 3, '309', NULL, NULL, NULL, 'Micrometer 2.0-3.0', 'In-House Calibrated', 'Annual', NULL, 'Active', '500-Inspection', '500', 'Inspection', NULL, NULL, '2025-06-09T16:31:00.130Z');
INSERT INTO cal.tools (id, company_id, number, serial_number, manufacturer, model, description, type, frequency, calibration_status, tool_status, location, building, ownership, last_calibration_date, next_due_date, created_at) VALUES (157, 3, '324', NULL, NULL, NULL, 'Indicator - Digital Gage Head', 'In-House Calibrated', 'Annual', NULL, 'Active', '500-Inspection', '500', 'Inspection', NULL, NULL, '2025-06-09T16:31:00.197Z');
INSERT INTO cal.tools (id, company_id, number, serial_number, manufacturer, model, description, type, frequency, calibration_status, tool_status, location, building, ownership, last_calibration_date, next_due_date, created_at) VALUES (158, 3, '325', NULL, NULL, NULL, 'Caliper 0-8', 'In-House Calibrated', 'Annual', NULL, 'Active', '500-Inspection', '500', 'Inspection', NULL, NULL, '2025-06-09T16:31:00.263Z');
INSERT INTO cal.tools (id, company_id, number, serial_number, manufacturer, model, description, type, frequency, calibration_status, tool_status, location, building, ownership, last_calibration_date, next_due_date, created_at) VALUES (159, 3, '326', NULL, NULL, NULL, 'Caliper 0-8', 'In-House Calibrated', 'Annual', NULL, 'Active', '500-Inspection', '500', 'Inspection', NULL, NULL, '2025-06-09T16:31:00.329Z');
INSERT INTO cal.tools (id, company_id, number, serial_number, manufacturer, model, description, type, frequency, calibration_status, tool_status, location, building, ownership, last_calibration_date, next_due_date, created_at) VALUES (160, 3, '327', NULL, NULL, NULL, 'Caliper 0-12', 'In-House Calibrated', 'Annual', NULL, 'Active', '500-Inspection', '500', 'Inspection', NULL, NULL, '2025-06-09T16:31:00.396Z');
INSERT INTO cal.tools (id, company_id, number, serial_number, manufacturer, model, description, type, frequency, calibration_status, tool_status, location, building, ownership, last_calibration_date, next_due_date, created_at) VALUES (161, 3, '328', NULL, NULL, NULL, 'Caliper 0-12', 'In-House Calibrated', 'Annual', NULL, 'Active', '500-Inspection', '500', 'Inspection', NULL, NULL, '2025-06-09T16:31:00.464Z');
INSERT INTO cal.tools (id, company_id, number, serial_number, manufacturer, model, description, type, frequency, calibration_status, tool_status, location, building, ownership, last_calibration_date, next_due_date, created_at) VALUES (162, 3, '329', NULL, NULL, NULL, 'Bore Gage 0.107-0.266', 'In-House Calibrated', 'Annual', NULL, 'Active', '500-Inspection', '500', 'Inspection', NULL, NULL, '2025-06-09T16:31:00.531Z');
INSERT INTO cal.tools (id, company_id, number, serial_number, manufacturer, model, description, type, frequency, calibration_status, tool_status, location, building, ownership, last_calibration_date, next_due_date, created_at) VALUES (163, 3, '330', NULL, NULL, NULL, 'Indicator - Digital Gage Head', 'In-House Calibrated', 'Annual', NULL, 'Active', '500-Inspection', '500', 'Inspection', NULL, NULL, '2025-06-09T16:31:00.597Z');
INSERT INTO cal.tools (id, company_id, number, serial_number, manufacturer, model, description, type, frequency, calibration_status, tool_status, location, building, ownership, last_calibration_date, next_due_date, created_at) VALUES (164, 3, '331', NULL, NULL, NULL, 'Depth Micrometer 0.0-6.0', 'In-House Calibrated', 'Annual', NULL, 'Active', '500-Inspection', '500', 'Inspection', NULL, NULL, '2025-06-09T16:31:00.663Z');
INSERT INTO cal.tools (id, company_id, number, serial_number, manufacturer, model, description, type, frequency, calibration_status, tool_status, location, building, ownership, last_calibration_date, next_due_date, created_at) VALUES (165, 3, '333', NULL, NULL, NULL, 'Caliper 0-24', 'In-House Calibrated', 'Annual', NULL, 'Active', '500-Inspection', '500', 'Inspection', NULL, NULL, '2025-06-09T16:31:00.732Z');
INSERT INTO cal.tools (id, company_id, number, serial_number, manufacturer, model, description, type, frequency, calibration_status, tool_status, location, building, ownership, last_calibration_date, next_due_date, created_at) VALUES (166, 3, '334', NULL, NULL, NULL, 'Inside Micrometer 1.5-8.5', 'In-House Calibrated', 'Annual', NULL, 'Active', '500-Inspection', '500', 'Inspection', NULL, NULL, '2025-06-09T16:31:00.799Z');
INSERT INTO cal.tools (id, company_id, number, serial_number, manufacturer, model, description, type, frequency, calibration_status, tool_status, location, building, ownership, last_calibration_date, next_due_date, created_at) VALUES (167, 3, '335', NULL, NULL, NULL, 'Polytype Micron (Metric) Indicator', 'Vendor Calibrated', 'Annual', NULL, 'Active', '500-Inspection', '500', 'Inspection', NULL, NULL, '2025-06-09T16:31:00.871Z');
INSERT INTO cal.tools (id, company_id, number, serial_number, manufacturer, model, description, type, frequency, calibration_status, tool_status, location, building, ownership, last_calibration_date, next_due_date, created_at) VALUES (168, 3, '341', NULL, NULL, NULL, 'Micrometer 1.0-2.0', 'In-House Calibrated', 'Annual', NULL, 'Active', '500-Inspection', '500', 'Inspection', NULL, NULL, '2025-06-09T16:31:00.937Z');
INSERT INTO cal.tools (id, company_id, number, serial_number, manufacturer, model, description, type, frequency, calibration_status, tool_status, location, building, ownership, last_calibration_date, next_due_date, created_at) VALUES (169, 3, '342', NULL, NULL, NULL, 'Micrometer 5.0-6.0', 'In-House Calibrated', 'Annual', NULL, 'Active', '500-Inspection', '500', 'Inspection', NULL, NULL, '2025-06-09T16:31:01.006Z');
INSERT INTO cal.tools (id, company_id, number, serial_number, manufacturer, model, description, type, frequency, calibration_status, tool_status, location, building, ownership, last_calibration_date, next_due_date, created_at) VALUES (170, 3, '343', NULL, NULL, NULL, 'Caliper 0-8', 'In-House Calibrated', 'Annual', NULL, 'Active', 'Fabrication', '500', 'Inspection', NULL, NULL, '2025-06-09T16:31:01.072Z');
INSERT INTO cal.tools (id, company_id, number, serial_number, manufacturer, model, description, type, frequency, calibration_status, tool_status, location, building, ownership, last_calibration_date, next_due_date, created_at) VALUES (171, 3, '500', NULL, NULL, NULL, 'CMM Keyence XM-c5000', 'Vendor Calibrated', 'Annual', NULL, 'Active', '500-Inspection', '500', 'Inspection', NULL, NULL, '2025-06-09T16:31:01.137Z');
INSERT INTO cal.tools (id, company_id, number, serial_number, manufacturer, model, description, type, frequency, calibration_status, tool_status, location, building, ownership, last_calibration_date, next_due_date, created_at) VALUES (172, 3, '501', NULL, NULL, NULL, 'Force Gage 200N', 'Vendor Calibrated', 'Annual', NULL, 'Active', 'Engineering', '500', 'Inspection', NULL, NULL, '2025-06-09T16:31:01.208Z');
INSERT INTO cal.tools (id, company_id, number, serial_number, manufacturer, model, description, type, frequency, calibration_status, tool_status, location, building, ownership, last_calibration_date, next_due_date, created_at) VALUES (173, 3, '502', '4121901009', 'Bunting', 'FG-3008-BM', 'Force Gage 500N', 'vendor', 'annual', NULL, 'active', 'Engineering', '500', 'Engineering', '2025-04-14T17:00:00.000Z', '2026-04-14T17:00:00.000Z', '2025-06-09T16:31:01.277Z');
INSERT INTO cal.tools (id, company_id, number, serial_number, manufacturer, model, description, type, frequency, calibration_status, tool_status, location, building, ownership, last_calibration_date, next_due_date, created_at) VALUES (174, 3, '503', NULL, NULL, NULL, 'Caliper 0-6', 'In-House Calibrated', 'Annual', NULL, 'Active', 'Magnet cutting', '500', 'Inspection', NULL, NULL, '2025-06-09T16:31:01.346Z');
INSERT INTO cal.tools (id, company_id, number, serial_number, manufacturer, model, description, type, frequency, calibration_status, tool_status, location, building, ownership, last_calibration_date, next_due_date, created_at) VALUES (175, 3, '504', NULL, NULL, NULL, 'Snap Gage 4.0-5.0', 'In-House Calibrated', 'Annual', NULL, 'Active', '500-Inspection', '500', 'Inspection', NULL, NULL, '2025-06-09T16:31:01.535Z');
INSERT INTO cal.tools (id, company_id, number, serial_number, manufacturer, model, description, type, frequency, calibration_status, tool_status, location, building, ownership, last_calibration_date, next_due_date, created_at) VALUES (176, 3, '553', NULL, NULL, NULL, 'Dial Indicator', 'In-House Calibrated', 'Annual', NULL, 'Active', 'Willis Lathe', '500', 'Inspection', NULL, NULL, '2025-06-09T16:31:01.603Z');
INSERT INTO cal.tools (id, company_id, number, serial_number, manufacturer, model, description, type, frequency, calibration_status, tool_status, location, building, ownership, last_calibration_date, next_due_date, created_at) VALUES (177, 3, '1001 Test', 'ab', 'j', 'j', 'Test Tool ', 'in-house', 'annual', NULL, 'active', '1001-Inspection', '1001', 'Inspection', NULL, NULL, '2025-06-09T17:09:44.513Z');
INSERT INTO cal.tools (id, company_id, number, serial_number, manufacturer, model, description, type, frequency, calibration_status, tool_status, location, building, ownership, last_calibration_date, next_due_date, created_at) VALUES (178, 3, '601', '1960119', 'FW Bell', 'HAF81-2504-10', 'Transverse Gauss Probe for 8010 Gaussmeter', 'vendor', 'annual', NULL, 'active', 'Engineering Lab', '500', 'Engineering', '2025-04-16T17:00:00.000Z', '2026-04-16T17:00:00.000Z', '2025-06-09T18:06:13.702Z');
INSERT INTO cal.tools (id, company_id, number, serial_number, manufacturer, model, description, type, frequency, calibration_status, tool_status, location, building, ownership, last_calibration_date, next_due_date, created_at) VALUES (179, 3, '602', '22C0001', 'FW Bell', 'STD81-0205-10', 'Axial Gauss Probe for 8010 Gaussmeter', 'vendor', 'annual', NULL, 'active', 'Engineering Lab', '500', 'Engineering', '2025-04-16T17:00:00.000Z', '2026-04-16T17:00:00.000Z', '2025-06-09T18:06:50.011Z');
INSERT INTO cal.tools (id, company_id, number, serial_number, manufacturer, model, description, type, frequency, calibration_status, tool_status, location, building, ownership, last_calibration_date, next_due_date, created_at) VALUES (180, 3, '603', '1843028', 'FW Bell', '8010', 'Gaussmeter Model 8010 FW Bell', 'vendor', 'annual', NULL, 'active', 'Engineering Lab', '500', 'Engineering', '2025-04-16T17:00:00.000Z', '2026-04-16T17:00:00.000Z', '2025-06-09T18:07:40.994Z');
INSERT INTO cal.tools (id, company_id, number, serial_number, manufacturer, model, description, type, frequency, calibration_status, tool_status, location, building, ownership, last_calibration_date, next_due_date, created_at) VALUES (181, 3, '604', NULL, NULL, NULL, 'Hirst Gaussmeter', 'vendor', 'annual', NULL, 'active', '500-Inspection', '500', 'Inspection', NULL, NULL, '2025-06-09T18:14:20.154Z');
INSERT INTO cal.tools (id, company_id, number, serial_number, manufacturer, model, description, type, frequency, calibration_status, tool_status, location, building, ownership, last_calibration_date, next_due_date, created_at) VALUES (182, 3, '600', NULL, NULL, NULL, 'Granite Inspection Table 48" x 120"', 'vendor', 'annual', NULL, 'active', '500-Inspection', '500', 'Inspection', NULL, NULL, '2025-06-09T19:00:06.875Z');

-- Calibrations (100 records)
INSERT INTO cal.calibrations (id, record_number, tool_id, calibration_date, result, next_due_date, technician, comments, created_at) VALUES (2, 'CAL-2024-0001', 1, '2024-09-15T00:00:00.000Z', 'pass', '2025-09-15T00:00:00.000Z', 'ABC Calibration Services', 'All voltage and resistance ranges within specification. Minor drift noted on 10V range but within tolerance.', '2024-09-15T14:30:00.000Z');
INSERT INTO cal.calibrations (id, record_number, tool_id, calibration_date, result, next_due_date, technician, comments, created_at) VALUES (3, 'CAL-2023-0001', 1, '2023-09-10T00:00:00.000Z', 'pass', '2024-09-10T00:00:00.000Z', 'ABC Calibration Services', 'Full calibration completed successfully. All functions tested and verified.', '2023-09-10T10:15:00.000Z');
INSERT INTO cal.calibrations (id, record_number, tool_id, calibration_date, result, next_due_date, technician, comments, created_at) VALUES (4, 'CAL-2024-0002', 2, '2024-07-20T00:00:00.000Z', 'pass', '2025-01-20T00:00:00.000Z', 'Mike Johnson (QC)', 'Torque accuracy verified across full range. Calibrated against certified torque standard TQ-STD-001.', '2024-07-20T09:45:00.000Z');
INSERT INTO cal.calibrations (id, record_number, tool_id, calibration_date, result, next_due_date, technician, comments, created_at) VALUES (5, 'CAL-2024-0003', 2, '2024-01-15T00:00:00.000Z', 'pass', '2024-07-15T00:00:00.000Z', 'Mike Johnson (QC)', 'Semi-annual calibration completed. Minor adjustment made to 150 ft-lb setting.', '2024-01-15T11:20:00.000Z');
INSERT INTO cal.calibrations (id, record_number, tool_id, calibration_date, result, next_due_date, technician, comments, created_at) VALUES (6, 'CAL-2023-0002', 3, '2023-10-05T00:00:00.000Z', 'pass', '2024-10-05T00:00:00.000Z', 'Sarah Chen (QC)', 'Digital calipers calibrated using certified gauge blocks. All measurements within Â±0.001 inch tolerance.', '2023-10-05T13:15:00.000Z');
INSERT INTO cal.calibrations (id, record_number, tool_id, calibration_date, result, next_due_date, technician, comments, created_at) VALUES (7, 'CAL-2022-0001', 3, '2022-10-12T00:00:00.000Z', 'conditional', '2023-10-12T00:00:00.000Z', 'Sarah Chen (QC)', 'Slight wear on measuring faces noted. Calibration acceptable but recommend replacement within 6 months.', '2022-10-12T16:30:00.000Z');
INSERT INTO cal.calibrations (id, record_number, tool_id, calibration_date, result, next_due_date, technician, comments, created_at) VALUES (8, 'CAL-2024-0004', 4, '2024-04-10T00:00:00.000Z', 'pass', '2026-04-10T00:00:00.000Z', 'XYZ Metrology Lab', 'Voltage and current outputs verified across full range. Excellent stability and accuracy maintained.', '2024-04-10T08:30:00.000Z');
INSERT INTO cal.calibrations (id, record_number, tool_id, calibration_date, result, next_due_date, technician, comments, created_at) VALUES (9, 'CAL-2023-0003', 5, '2023-12-01T00:00:00.000Z', 'pass', '2024-12-01T00:00:00.000Z', 'ABC Calibration Services', 'AC/DC current measurement accuracy verified. All ranges tested and certified.', '2023-12-01T12:00:00.000Z');
INSERT INTO cal.calibrations (id, record_number, tool_id, calibration_date, result, next_due_date, technician, comments, created_at) VALUES (10, 'CAL-2024-0005', 6, '2024-11-15T00:00:00.000Z', 'pass', '2025-02-15T00:00:00.000Z', 'Internal QC Team', 'Temperature accuracy verified against blackbody calibrator. Emissivity settings tested.', '2024-11-15T14:45:00.000Z');
INSERT INTO cal.calibrations (id, record_number, tool_id, calibration_date, result, next_due_date, technician, comments, created_at) VALUES (11, 'CAL-2024-0006', 6, '2024-08-10T00:00:00.000Z', 'pass', '2024-11-10T00:00:00.000Z', 'Internal QC Team', 'Quarterly calibration check completed. All temperature ranges verified.', '2024-08-10T10:30:00.000Z');
INSERT INTO cal.calibrations (id, record_number, tool_id, calibration_date, result, next_due_date, technician, comments, created_at) VALUES (12, 'CAL-2024-0007', 7, '2024-01-25T00:00:00.000Z', 'pass', '2025-01-25T00:00:00.000Z', 'Pressure Systems Inc', 'Pressure accuracy verified using dead weight tester. Linearity and hysteresis within specifications.', '2024-01-25T15:20:00.000Z');
INSERT INTO cal.calibrations (id, record_number, tool_id, calibration_date, result, next_due_date, technician, comments, created_at) VALUES (13, 'CAL-2024-0008', 8, '2024-06-20T00:00:00.000Z', 'pass', '2026-06-20T00:00:00.000Z', 'Tektronix Service Center', 'Full performance verification completed. Bandwidth, time base, and trigger accuracy all within spec.', '2024-06-20T11:00:00.000Z');
INSERT INTO cal.calibrations (id, record_number, tool_id, calibration_date, result, next_due_date, technician, comments, created_at) VALUES (14, 'CAL-2023-0004', 9, '2023-10-30T00:00:00.000Z', 'pass', '2024-10-30T00:00:00.000Z', 'Internal QC Team', 'Micrometer calibrated using certified gauge blocks. Measurement accuracy verified across full range.', '2023-10-30T09:15:00.000Z');
INSERT INTO cal.calibrations (id, record_number, tool_id, calibration_date, result, next_due_date, technician, comments, created_at) VALUES (15, 'CAL-2023-0005', 10, '2023-09-12T00:00:00.000Z', 'fail', '2024-09-12T00:00:00.000Z', 'Rigol Service Center', 'Frequency accuracy out of specification above 20MHz. Requires repair before next calibration.', '2023-09-12T16:45:00.000Z');
INSERT INTO cal.calibrations (id, record_number, tool_id, calibration_date, result, next_due_date, technician, comments, created_at) VALUES (16, 'CAL-2025-0001', 49, '2025-04-25T00:00:00.000Z', 'Pass', '2026-04-27T00:00:00.000Z', 'Steve Bryant', NULL, '2025-06-09T16:32:28.727Z');
INSERT INTO cal.calibrations (id, record_number, tool_id, calibration_date, result, next_due_date, technician, comments, created_at) VALUES (17, 'CAL-2025-0002', 42, '2025-04-25T00:00:00.000Z', 'Pass', '2026-04-27T00:00:00.000Z', 'Steve Bryant', NULL, '2025-06-09T16:32:29.528Z');
INSERT INTO cal.calibrations (id, record_number, tool_id, calibration_date, result, next_due_date, technician, comments, created_at) VALUES (18, 'CAL-2025-0003', 45, '2025-04-25T00:00:00.000Z', 'Pass', '2026-04-27T00:00:00.000Z', 'Steve Bryant', NULL, '2025-06-09T16:32:30.345Z');
INSERT INTO cal.calibrations (id, record_number, tool_id, calibration_date, result, next_due_date, technician, comments, created_at) VALUES (19, 'CAL-2025-0004', 49, '2025-04-25T00:00:00.000Z', 'Pass', '2026-04-27T00:00:00.000Z', 'Steve Bryant', NULL, '2025-06-09T16:34:14.829Z');
INSERT INTO cal.calibrations (id, record_number, tool_id, calibration_date, result, next_due_date, technician, comments, created_at) VALUES (20, 'CAL-2025-0005', 42, '2025-04-25T00:00:00.000Z', 'Pass', '2026-04-27T00:00:00.000Z', 'Steve Bryant', NULL, '2025-06-09T16:34:15.692Z');
INSERT INTO cal.calibrations (id, record_number, tool_id, calibration_date, result, next_due_date, technician, comments, created_at) VALUES (21, 'CAL-2025-0006', 45, '2025-04-25T00:00:00.000Z', 'Pass', '2026-04-27T00:00:00.000Z', 'Steve Bryant', NULL, '2025-06-09T16:34:16.469Z');
INSERT INTO cal.calibrations (id, record_number, tool_id, calibration_date, result, next_due_date, technician, comments, created_at) VALUES (22, 'CAL-2025-0007', 63, '2025-04-24T00:00:00.000Z', 'Pass', '2026-04-24T00:00:00.000Z', 'Steve Bryant', NULL, '2025-06-09T16:34:17.203Z');
INSERT INTO cal.calibrations (id, record_number, tool_id, calibration_date, result, next_due_date, technician, comments, created_at) VALUES (23, 'CAL-2025-0008', 65, '2025-04-24T00:00:00.000Z', 'Pass', '2026-04-24T00:00:00.000Z', 'Steve Bryant', NULL, '2025-06-09T16:34:17.915Z');
INSERT INTO cal.calibrations (id, record_number, tool_id, calibration_date, result, next_due_date, technician, comments, created_at) VALUES (24, 'CAL-2025-0009', 64, '2025-04-24T00:00:00.000Z', 'Pass', '2026-04-24T00:00:00.000Z', 'Steve Bryant', NULL, '2025-06-09T16:34:18.667Z');
INSERT INTO cal.calibrations (id, record_number, tool_id, calibration_date, result, next_due_date, technician, comments, created_at) VALUES (25, 'CAL-2025-0010', 62, '2025-04-24T00:00:00.000Z', 'Pass', '2026-04-24T00:00:00.000Z', 'Steve Bryant', NULL, '2025-06-09T16:34:19.426Z');
INSERT INTO cal.calibrations (id, record_number, tool_id, calibration_date, result, next_due_date, technician, comments, created_at) VALUES (26, 'CAL-2025-0011', 61, '2025-04-24T00:00:00.000Z', 'Pass', '2026-04-24T00:00:00.000Z', 'Steve Bryant', NULL, '2025-06-09T16:34:20.267Z');
INSERT INTO cal.calibrations (id, record_number, tool_id, calibration_date, result, next_due_date, technician, comments, created_at) VALUES (27, 'CAL-2025-0012', 60, '2025-04-24T00:00:00.000Z', 'Pass', '2026-04-24T00:00:00.000Z', 'Steve Bryant', NULL, '2025-06-09T16:34:21.017Z');
INSERT INTO cal.calibrations (id, record_number, tool_id, calibration_date, result, next_due_date, technician, comments, created_at) VALUES (28, 'CAL-2025-0013', 59, '2025-04-24T00:00:00.000Z', 'Pass', '2026-04-24T00:00:00.000Z', 'Steve Bryant', NULL, '2025-06-09T16:34:21.789Z');
INSERT INTO cal.calibrations (id, record_number, tool_id, calibration_date, result, next_due_date, technician, comments, created_at) VALUES (29, 'CAL-2025-0014', 172, '2025-04-03T00:00:00.000Z', 'Pass', '2026-04-03T00:00:00.000Z', 'Ryan Linton', NULL, '2025-06-09T16:34:22.565Z');
INSERT INTO cal.calibrations (id, record_number, tool_id, calibration_date, result, next_due_date, technician, comments, created_at) VALUES (30, 'CAL-2025-0015', 59, '2025-02-24T00:00:00.000Z', 'Pass', '2026-02-24T00:00:00.000Z', 'Steve Bryant', NULL, '2025-06-09T16:34:23.305Z');
INSERT INTO cal.calibrations (id, record_number, tool_id, calibration_date, result, next_due_date, technician, comments, created_at) VALUES (31, 'CAL-2025-0016', 58, '2025-02-24T00:00:00.000Z', 'Pass', '2026-02-24T00:00:00.000Z', 'Steve Bryant', NULL, '2025-06-09T16:34:24.015Z');
INSERT INTO cal.calibrations (id, record_number, tool_id, calibration_date, result, next_due_date, technician, comments, created_at) VALUES (32, 'CAL-2025-0017', 57, '2025-02-24T00:00:00.000Z', 'Pass', '2026-02-24T00:00:00.000Z', 'Steve Bryant', NULL, '2025-06-09T16:34:24.834Z');
INSERT INTO cal.calibrations (id, record_number, tool_id, calibration_date, result, next_due_date, technician, comments, created_at) VALUES (33, 'CAL-2025-0018', 56, '2025-02-24T00:00:00.000Z', 'Pass', '2026-02-24T00:00:00.000Z', 'Steve Bryant', NULL, '2025-06-09T16:34:25.572Z');
INSERT INTO cal.calibrations (id, record_number, tool_id, calibration_date, result, next_due_date, technician, comments, created_at) VALUES (34, 'CAL-2025-0019', 54, '2025-02-11T00:00:00.000Z', 'Pass', '2026-02-11T00:00:00.000Z', 'Steve Bryant', NULL, '2025-06-09T16:34:26.285Z');
INSERT INTO cal.calibrations (id, record_number, tool_id, calibration_date, result, next_due_date, technician, comments, created_at) VALUES (35, 'CAL-2025-0020', 53, '2025-02-11T00:00:00.000Z', 'Pass', '2026-02-11T00:00:00.000Z', 'Steve Bryant', NULL, '2025-06-09T16:34:27.071Z');
INSERT INTO cal.calibrations (id, record_number, tool_id, calibration_date, result, next_due_date, technician, comments, created_at) VALUES (36, 'CAL-2025-0021', 52, '2025-02-11T00:00:00.000Z', 'Pass', '2026-02-11T00:00:00.000Z', 'Steve Bryant', NULL, '2025-06-09T16:34:27.819Z');
INSERT INTO cal.calibrations (id, record_number, tool_id, calibration_date, result, next_due_date, technician, comments, created_at) VALUES (37, 'CAL-2025-0022', 26, '2025-02-11T00:00:00.000Z', 'Pass', '2026-02-11T00:00:00.000Z', 'Steve Bryant', NULL, '2025-06-09T16:34:28.527Z');
INSERT INTO cal.calibrations (id, record_number, tool_id, calibration_date, result, next_due_date, technician, comments, created_at) VALUES (38, 'CAL-2025-0023', 52, '2025-02-11T00:00:00.000Z', 'Pass', '2026-02-11T00:00:00.000Z', 'Steve Bryant', NULL, '2025-06-09T16:34:29.239Z');
INSERT INTO cal.calibrations (id, record_number, tool_id, calibration_date, result, next_due_date, technician, comments, created_at) VALUES (39, 'CAL-2025-0024', 51, '2025-02-11T00:00:00.000Z', 'Pass', '2026-02-11T00:00:00.000Z', 'Steve Bryant', NULL, '2025-06-09T16:34:30.071Z');
INSERT INTO cal.calibrations (id, record_number, tool_id, calibration_date, result, next_due_date, technician, comments, created_at) VALUES (40, 'CAL-2025-0025', 48, '2025-02-11T00:00:00.000Z', 'Pass', '2026-02-11T00:00:00.000Z', 'Steve Bryant', NULL, '2025-06-09T16:34:30.830Z');
INSERT INTO cal.calibrations (id, record_number, tool_id, calibration_date, result, next_due_date, technician, comments, created_at) VALUES (41, 'CAL-2025-0026', 48, '2025-02-11T00:00:00.000Z', 'Pass', '2026-02-11T00:00:00.000Z', 'Steve Bryant', NULL, '2025-06-09T16:34:31.604Z');
INSERT INTO cal.calibrations (id, record_number, tool_id, calibration_date, result, next_due_date, technician, comments, created_at) VALUES (42, 'CAL-2025-0027', 47, '2025-02-10T00:00:00.000Z', 'Pass', '2026-02-10T00:00:00.000Z', 'Steve Bryant', NULL, '2025-06-09T16:34:32.372Z');
INSERT INTO cal.calibrations (id, record_number, tool_id, calibration_date, result, next_due_date, technician, comments, created_at) VALUES (43, 'CAL-2025-0028', 47, '2025-02-10T00:00:00.000Z', 'Pass', '2026-02-10T00:00:00.000Z', 'Steve Bryant', NULL, '2025-06-09T16:34:33.116Z');
INSERT INTO cal.calibrations (id, record_number, tool_id, calibration_date, result, next_due_date, technician, comments, created_at) VALUES (44, 'CAL-2025-0029', 46, '2025-01-29T00:00:00.000Z', 'Pass', '2026-01-29T00:00:00.000Z', 'Steve Bryant', NULL, '2025-06-09T16:34:33.851Z');
INSERT INTO cal.calibrations (id, record_number, tool_id, calibration_date, result, next_due_date, technician, comments, created_at) VALUES (45, 'CAL-2025-0030', 45, '2025-01-29T00:00:00.000Z', 'Pass', '2026-01-29T00:00:00.000Z', 'Steve Bryant', NULL, '2025-06-09T16:34:34.570Z');
INSERT INTO cal.calibrations (id, record_number, tool_id, calibration_date, result, next_due_date, technician, comments, created_at) VALUES (46, 'CAL-2025-0031', 45, '2025-01-29T00:00:00.000Z', 'Pass', '2026-01-29T00:00:00.000Z', 'Steve Bryant', NULL, '2025-06-09T16:34:35.337Z');
INSERT INTO cal.calibrations (id, record_number, tool_id, calibration_date, result, next_due_date, technician, comments, created_at) VALUES (47, 'CAL-2025-0032', 44, '2025-01-29T00:00:00.000Z', 'Pass', '2026-01-29T00:00:00.000Z', 'Steve Bryant', NULL, '2025-06-09T16:34:36.130Z');
INSERT INTO cal.calibrations (id, record_number, tool_id, calibration_date, result, next_due_date, technician, comments, created_at) VALUES (48, 'CAL-2025-0033', 43, '2025-01-29T00:00:00.000Z', 'Pass', '2026-01-29T00:00:00.000Z', 'Steve Bryant', NULL, '2025-06-09T16:34:36.875Z');
INSERT INTO cal.calibrations (id, record_number, tool_id, calibration_date, result, next_due_date, technician, comments, created_at) VALUES (49, 'CAL-2025-0034', 41, '2025-01-29T00:00:00.000Z', 'Pass', '2026-01-29T00:00:00.000Z', 'Steve Bryant', NULL, '2025-06-09T16:34:37.666Z');
INSERT INTO cal.calibrations (id, record_number, tool_id, calibration_date, result, next_due_date, technician, comments, created_at) VALUES (50, 'CAL-2025-0035', 40, '2025-01-29T00:00:00.000Z', 'Pass', '2026-01-29T00:00:00.000Z', 'Steve Bryant', NULL, '2025-06-09T16:34:38.407Z');
INSERT INTO cal.calibrations (id, record_number, tool_id, calibration_date, result, next_due_date, technician, comments, created_at) VALUES (51, 'CAL-2025-0036', 40, '2025-01-21T00:00:00.000Z', 'Pass', '2026-01-21T00:00:00.000Z', 'Steve Bryant', NULL, '2025-06-09T16:34:39.238Z');
INSERT INTO cal.calibrations (id, record_number, tool_id, calibration_date, result, next_due_date, technician, comments, created_at) VALUES (52, 'CAL-2025-0037', 40, '2025-01-20T00:00:00.000Z', 'Pass', '2026-01-20T00:00:00.000Z', 'Steve Bryant', NULL, '2025-06-09T16:34:39.950Z');
INSERT INTO cal.calibrations (id, record_number, tool_id, calibration_date, result, next_due_date, technician, comments, created_at) VALUES (53, 'CAL-2025-0038', 39, '2025-01-20T00:00:00.000Z', 'Pass', '2026-01-20T00:00:00.000Z', 'Steve Bryant', NULL, '2025-06-09T16:34:40.659Z');
INSERT INTO cal.calibrations (id, record_number, tool_id, calibration_date, result, next_due_date, technician, comments, created_at) VALUES (54, 'CAL-2025-0039', 38, '2025-01-20T00:00:00.000Z', 'Pass', '2026-01-20T00:00:00.000Z', 'Steve Bryant', NULL, '2025-06-09T16:34:41.379Z');
INSERT INTO cal.calibrations (id, record_number, tool_id, calibration_date, result, next_due_date, technician, comments, created_at) VALUES (55, 'CAL-2025-0040', 37, '2025-01-20T00:00:00.000Z', 'Pass', '2026-01-20T00:00:00.000Z', 'Steve Bryant', NULL, '2025-06-09T16:34:42.161Z');
INSERT INTO cal.calibrations (id, record_number, tool_id, calibration_date, result, next_due_date, technician, comments, created_at) VALUES (56, 'CAL-2025-0041', 36, '2025-01-20T00:00:00.000Z', 'Pass', '2026-01-20T00:00:00.000Z', 'Steve Bryant', NULL, '2025-06-09T16:34:42.869Z');
INSERT INTO cal.calibrations (id, record_number, tool_id, calibration_date, result, next_due_date, technician, comments, created_at) VALUES (57, 'CAL-2025-0042', 36, '2025-01-20T00:00:00.000Z', 'Pass', '2026-01-20T00:00:00.000Z', 'Steve Bryant', NULL, '2025-06-09T16:34:43.674Z');
INSERT INTO cal.calibrations (id, record_number, tool_id, calibration_date, result, next_due_date, technician, comments, created_at) VALUES (58, 'CAL-2025-0043', 35, '2025-01-20T00:00:00.000Z', 'Pass', '2026-01-20T00:00:00.000Z', 'Steve Bryant', NULL, '2025-06-09T16:34:44.415Z');
INSERT INTO cal.calibrations (id, record_number, tool_id, calibration_date, result, next_due_date, technician, comments, created_at) VALUES (59, 'CAL-2025-0044', 33, '2025-01-20T00:00:00.000Z', 'Pass', '2026-01-20T00:00:00.000Z', 'Steve Bryant', NULL, '2025-06-09T16:34:45.122Z');
INSERT INTO cal.calibrations (id, record_number, tool_id, calibration_date, result, next_due_date, technician, comments, created_at) VALUES (60, 'CAL-2025-0045', 28, '2025-01-20T00:00:00.000Z', 'Pass', '2026-01-20T00:00:00.000Z', 'Steve Bryant', NULL, '2025-06-09T16:34:45.835Z');
INSERT INTO cal.calibrations (id, record_number, tool_id, calibration_date, result, next_due_date, technician, comments, created_at) VALUES (61, 'CAL-2025-0046', 33, '2025-01-20T00:00:00.000Z', 'Pass', '2026-01-20T00:00:00.000Z', 'Steve Bryant', NULL, '2025-06-09T16:34:46.639Z');
INSERT INTO cal.calibrations (id, record_number, tool_id, calibration_date, result, next_due_date, technician, comments, created_at) VALUES (62, 'CAL-2025-0047', 34, '2025-01-20T00:00:00.000Z', 'Pass', '2026-01-20T00:00:00.000Z', 'Steve Bryant', NULL, '2025-06-09T16:34:47.347Z');
INSERT INTO cal.calibrations (id, record_number, tool_id, calibration_date, result, next_due_date, technician, comments, created_at) VALUES (63, 'CAL-2025-0048', 33, '2025-01-20T00:00:00.000Z', 'Pass', '2026-01-20T00:00:00.000Z', 'Steve Bryant', NULL, '2025-06-09T16:34:48.056Z');
INSERT INTO cal.calibrations (id, record_number, tool_id, calibration_date, result, next_due_date, technician, comments, created_at) VALUES (64, 'CAL-2025-0049', 28, '2025-01-17T00:00:00.000Z', 'Pass', '2026-01-17T00:00:00.000Z', 'Steve Bryant', NULL, '2025-06-09T16:34:48.885Z');
INSERT INTO cal.calibrations (id, record_number, tool_id, calibration_date, result, next_due_date, technician, comments, created_at) VALUES (65, 'CAL-2025-0050', 28, '2025-01-17T00:00:00.000Z', 'Pass', '2026-01-19T00:00:00.000Z', 'Steve Bryant', NULL, '2025-06-09T16:34:49.596Z');
INSERT INTO cal.calibrations (id, record_number, tool_id, calibration_date, result, next_due_date, technician, comments, created_at) VALUES (66, 'CAL-2025-0051', 26, '2025-01-10T00:00:00.000Z', 'Pass', '2026-01-12T00:00:00.000Z', 'Steve Bryant', NULL, '2025-06-09T16:34:50.313Z');
INSERT INTO cal.calibrations (id, record_number, tool_id, calibration_date, result, next_due_date, technician, comments, created_at) VALUES (67, 'CAL-2025-0052', 174, '2025-01-10T00:00:00.000Z', 'Pass', '2026-01-10T00:00:00.000Z', 'Derek Sanchez', NULL, '2025-06-09T16:34:51.135Z');
INSERT INTO cal.calibrations (id, record_number, tool_id, calibration_date, result, next_due_date, technician, comments, created_at) VALUES (68, 'CAL-2025-0053', 32, '2025-01-07T00:00:00.000Z', 'Pass', '2026-01-07T00:00:00.000Z', 'Steve Bryant', NULL, '2025-06-09T16:34:51.891Z');
INSERT INTO cal.calibrations (id, record_number, tool_id, calibration_date, result, next_due_date, technician, comments, created_at) VALUES (69, 'CAL-2025-0054', 32, '2025-01-07T00:00:00.000Z', 'Pass', '2026-01-07T00:00:00.000Z', 'Steve Bryant', NULL, '2025-06-09T16:34:52.605Z');
INSERT INTO cal.calibrations (id, record_number, tool_id, calibration_date, result, next_due_date, technician, comments, created_at) VALUES (70, 'CAL-2025-0055', 30, '2025-01-07T00:00:00.000Z', 'Pass', '2026-01-07T00:00:00.000Z', 'Steve Bryant', NULL, '2025-06-09T16:34:53.400Z');
INSERT INTO cal.calibrations (id, record_number, tool_id, calibration_date, result, next_due_date, technician, comments, created_at) VALUES (71, 'CAL-2025-0056', 29, '2025-01-07T00:00:00.000Z', 'Pass', '2026-01-07T00:00:00.000Z', 'Steve Bryant', NULL, '2025-06-09T16:34:54.116Z');
INSERT INTO cal.calibrations (id, record_number, tool_id, calibration_date, result, next_due_date, technician, comments, created_at) VALUES (72, 'CAL-2025-0057', 160, '2024-11-13T00:00:00.000Z', 'Pass', '2026-01-05T00:00:00.000Z', 'Steve Bryant', NULL, '2025-06-09T16:34:54.829Z');
INSERT INTO cal.calibrations (id, record_number, tool_id, calibration_date, result, next_due_date, technician, comments, created_at) VALUES (73, 'CAL-2025-0058', 173, '2024-01-31T00:00:00.000Z', 'Pass', '2025-01-31T00:00:00.000Z', 'Steve Bryant', NULL, '2025-06-09T16:34:55.607Z');
INSERT INTO cal.calibrations (id, record_number, tool_id, calibration_date, result, next_due_date, technician, comments, created_at) VALUES (74, 'CAL-2025-0059', 173, '2025-04-14T17:00:00.000Z', 'pass', '2026-04-14T17:00:00.000Z', 'Ledford', 'Calibrated through Ledford Gage', '2025-06-09T17:00:18.572Z');
INSERT INTO cal.calibrations (id, record_number, tool_id, calibration_date, result, next_due_date, technician, comments, created_at) VALUES (75, 'CAL-2025-0060', 178, '2025-04-16T17:00:00.000Z', 'pass', '2026-04-16T17:00:00.000Z', 'Cody Orton', 'Calibration done by Oeco, LLC a division of FW Bell.', '2025-06-09T18:11:06.493Z');
INSERT INTO cal.calibrations (id, record_number, tool_id, calibration_date, result, next_due_date, technician, comments, created_at) VALUES (76, 'CAL-2025-0061', 179, '2025-04-16T17:00:00.000Z', 'pass', '2026-04-16T17:00:00.000Z', 'Cody Orton', 'Calibration done by Oeco, LLC a division of FW Bell ', '2025-06-09T18:12:04.966Z');
INSERT INTO cal.calibrations (id, record_number, tool_id, calibration_date, result, next_due_date, technician, comments, created_at) VALUES (77, 'CAL-2025-0062', 180, '2025-04-16T17:00:00.000Z', 'pass', '2026-04-16T17:00:00.000Z', 'Cody Orton', 'Calibration done by Oeco, LLC a division of FW Bell', '2025-06-09T18:12:43.059Z');
INSERT INTO cal.calibrations (id, record_number, tool_id, calibration_date, result, next_due_date, technician, comments, created_at) VALUES (78, 'CAL-2025-0063', 50, '2025-06-16T15:39:05.618Z', 'pass', '2026-06-16T15:39:05.618Z', 'Derek Sanchez', '2-3" thread mic set with 2" standard. Gage blocks used at tip of inner thread anvil and ends of outer thread anvil.
Checked with 2" gage block and measured 2.006"
Checked with 2.5" gage block and measured 2.506"
Checked with 2.9" gage block and measured 2.906"', '2025-06-16T16:25:26.193Z');
INSERT INTO cal.calibrations (id, record_number, tool_id, calibration_date, result, next_due_date, technician, comments, created_at) VALUES (79, 'CAL-2025-0064', 79, '2025-06-16T17:09:18.142Z', 'pass', '2026-06-16T17:09:18.142Z', 'Derek Sanchez', 'Calibrated according to BPS-0800-008
Functions correctly.
test points - 
zero''d at .1000"
.2000" gage block checks .20000"
.3000" gage block checks .30005"
.5000" gage block checks .50005"
', '2025-06-16T17:36:45.472Z');
INSERT INTO cal.calibrations (id, record_number, tool_id, calibration_date, result, next_due_date, technician, comments, created_at) VALUES (80, 'CAL-2025-0065', 55, '2024-08-15T17:00:00.000Z', 'pass', '2025-08-15T17:00:00.000Z', 'SG', 'purchased in and calibrated by Ledford gage. ', '2025-06-16T17:47:36.228Z');
INSERT INTO cal.calibrations (id, record_number, tool_id, calibration_date, result, next_due_date, technician, comments, created_at) VALUES (81, 'CAL-2025-0066', 67, '2025-06-17T15:51:35.485Z', 'pass', '2026-06-17T15:51:35.485Z', 'Derek Sanchez', 'Calibrated according to BPS-0800-017 
Snap gage functions properly.', '2025-06-17T15:52:33.830Z');
INSERT INTO cal.calibrations (id, record_number, tool_id, calibration_date, result, next_due_date, technician, comments, created_at) VALUES (82, 'CAL-2025-0067', 68, '2025-06-17T15:52:50.649Z', 'pass', '2026-06-17T15:52:50.649Z', 'Derek Sanchez', 'Calibrated according to BPS-0800-011 
Mic functions properly.
test results - Micrometer was set to 0.000"
.500" gage block checked .500"
1.000" gage block checked 1.000"', '2025-06-17T16:08:16.331Z');
INSERT INTO cal.calibrations (id, record_number, tool_id, calibration_date, result, next_due_date, technician, comments, created_at) VALUES (83, 'CAL-2025-0068', 69, '2025-06-17T17:21:56.825Z', 'pass', '2026-06-17T17:21:56.825Z', 'Derek Sanchez', 'Calibrated according to BPS-0800-011 
Mic functions properly.
test results - Each mic anvil was set to zero and then checked for accuracy.
set to 12.000" - 12.500" gage block checked 12.4995", 13.000" gage block checked 12.9995"
set to 13.000" - 13.500" gage block checked 13.4995", 14.000" gage block checked 13.9995"
set to 14.000" - 14.500" gage block checked 14.4995", 15.000" gage block checked 14.9995"
set to 15.000" - 15.500" gage block checked 15.4995", 16.000" gage block checked 15.9995"', '2025-06-17T17:37:40.067Z');
INSERT INTO cal.calibrations (id, record_number, tool_id, calibration_date, result, next_due_date, technician, comments, created_at) VALUES (84, 'CAL-2025-0069', 70, '2025-06-17T17:38:01.158Z', 'pass', '2026-06-17T17:38:01.158Z', 'Derek Sanchez', 'Calibrated according to BPS-0800-011 
Mic functions properly
test results - Mic set to zero at 16.000"
16.500" gage block checks 16.5005"
17.000" gage block checks 17.0005"', '2025-06-17T18:13:03.857Z');
INSERT INTO cal.calibrations (id, record_number, tool_id, calibration_date, result, next_due_date, technician, comments, created_at) VALUES (85, 'CAL-2025-0070', 71, '2025-06-19T12:05:12.190Z', 'pass', '2026-06-19T12:05:12.190Z', 'Derek Sanchez', 'Calibrated according to BPS-0800-011.
Micrometer functions properly.
Test results - Mic set with 18.000" gage block
gage block 18.500" checked 18.500"
gage block 19.000" checked 19.000"', '2025-06-19T12:33:04.968Z');
INSERT INTO cal.calibrations (id, record_number, tool_id, calibration_date, result, next_due_date, technician, comments, created_at) VALUES (86, 'CAL-2025-0071', 72, '2025-06-24T17:23:17.821Z', 'pass', '2026-06-24T17:23:17.821Z', 'Derek Sanchez', 'Not sent out for vendor calibration per BPS-0800-024. Only functional check performed with check standard.
Tool functions properly.', '2025-06-24T17:30:57.646Z');
INSERT INTO cal.calibrations (id, record_number, tool_id, calibration_date, result, next_due_date, technician, comments, created_at) VALUES (87, 'CAL-2025-0072', 73, '2025-06-24T17:34:12.136Z', 'pass', '2026-06-24T17:34:12.136Z', 'Derek Sanchez', 'Calibrated according to BPS-0800-017. 
Tool functions properly.', '2025-06-24T17:53:14.765Z');
INSERT INTO cal.calibrations (id, record_number, tool_id, calibration_date, result, next_due_date, technician, comments, created_at) VALUES (88, 'CAL-2025-0073', 74, '2025-06-24T17:55:17.126Z', 'pass', '2026-06-24T17:55:17.126Z', 'Derek Sanchez', 'Calibrated according to BPS-0800-017.
Tool functions properly', '2025-06-25T12:18:41.232Z');
INSERT INTO cal.calibrations (id, record_number, tool_id, calibration_date, result, next_due_date, technician, comments, created_at) VALUES (89, 'CAL-2025-0074', 75, '2025-06-25T14:24:54.936Z', 'pass', '2026-06-25T14:24:54.936Z', 'Derek Sanchez', 'Calibrated according to BPS-0800-008
Tool Functions properly
.100" block was used to zero the indicator. below are the results.
.200" block measured .19995"
.300" block measured .30000"
.500" block measured .50000"', '2025-06-25T14:56:50.473Z');
INSERT INTO cal.calibrations (id, record_number, tool_id, calibration_date, result, next_due_date, technician, comments, created_at) VALUES (90, 'CAL-2025-0075', 77, '2025-06-25T15:33:46.525Z', 'pass', '2026-06-25T15:33:46.525Z', 'Derek Sanchez', 'Calibrated according to BPS-0800-008
Tool functions properly
.100" block was used to zero gage, inspection results below:
.200" block checks .20000"
.300" block checks .30000"
.500" block checks .50005"
', '2025-06-25T15:54:08.889Z');
INSERT INTO cal.calibrations (id, record_number, tool_id, calibration_date, result, next_due_date, technician, comments, created_at) VALUES (91, 'CAL-2025-0076', 145, '2025-07-10T17:38:24.757Z', 'pass', '2026-07-10T17:38:24.757Z', 'SB', NULL, '2025-07-10T17:47:39.720Z');
INSERT INTO cal.calibrations (id, record_number, tool_id, calibration_date, result, next_due_date, technician, comments, created_at) VALUES (92, 'CAL-2025-0077', 81, '2025-08-25T14:04:16.560Z', 'pass', '2026-08-25T14:04:16.560Z', 'SB', NULL, '2025-08-25T14:15:16.844Z');
INSERT INTO cal.calibrations (id, record_number, tool_id, calibration_date, result, next_due_date, technician, comments, created_at) VALUES (93, 'CAL-2025-0078', 82, '2025-08-25T14:15:41.229Z', 'pass', '2026-08-25T14:15:41.229Z', 'SB', NULL, '2025-08-25T14:50:09.090Z');
INSERT INTO cal.calibrations (id, record_number, tool_id, calibration_date, result, next_due_date, technician, comments, created_at) VALUES (94, 'CAL-2025-0079', 83, '2025-08-25T14:50:26.887Z', 'pass', '2026-08-25T14:50:26.887Z', 'SB', NULL, '2025-08-25T15:37:32.053Z');
INSERT INTO cal.calibrations (id, record_number, tool_id, calibration_date, result, next_due_date, technician, comments, created_at) VALUES (95, 'CAL-2025-0080', 78, '2025-08-25T17:06:55.733Z', 'pass', '2026-08-25T17:06:55.733Z', 'SB', NULL, '2025-08-25T17:07:29.191Z');
INSERT INTO cal.calibrations (id, record_number, tool_id, calibration_date, result, next_due_date, technician, comments, created_at) VALUES (96, 'CAL-2025-0081', 84, '2025-08-25T17:07:48.483Z', 'pass', '2026-08-25T17:07:48.483Z', 'SB', NULL, '2025-08-25T17:24:16.505Z');
INSERT INTO cal.calibrations (id, record_number, tool_id, calibration_date, result, next_due_date, technician, comments, created_at) VALUES (97, 'CAL-2025-0082', 85, '2025-08-25T17:24:32.619Z', 'pass', '2026-08-25T17:24:32.619Z', 'SB', NULL, '2025-08-25T17:25:50.488Z');
INSERT INTO cal.calibrations (id, record_number, tool_id, calibration_date, result, next_due_date, technician, comments, created_at) VALUES (98, 'CAL-2025-0083', 76, '2025-08-25T18:23:27.383Z', 'pass', '2026-08-25T18:23:27.383Z', 'SB', NULL, '2025-08-25T18:23:44.641Z');
INSERT INTO cal.calibrations (id, record_number, tool_id, calibration_date, result, next_due_date, technician, comments, created_at) VALUES (99, 'CAL-2025-0084', 55, '2025-08-25T18:31:22.097Z', 'pass', '2026-08-25T18:31:22.097Z', 'SB', NULL, '2025-08-25T18:32:46.991Z');
INSERT INTO cal.calibrations (id, record_number, tool_id, calibration_date, result, next_due_date, technician, comments, created_at) VALUES (100, 'CAL-2025-0085', 86, '2025-08-25T18:34:55.823Z', 'pass', '2026-08-25T18:34:55.823Z', 'SB', NULL, '2025-08-25T18:39:28.473Z');
INSERT INTO cal.calibrations (id, record_number, tool_id, calibration_date, result, next_due_date, technician, comments, created_at) VALUES (101, 'CAL-2025-0086', 90, '2025-08-25T18:48:37.982Z', 'pass', '2026-08-25T18:48:37.982Z', 'SB', NULL, '2025-08-25T18:48:53.257Z');

-- Attachments (3 records)
INSERT INTO cal.attachments (id, tool_id, calibration_id, filename, original_name, file_size, mime_type, uploaded_at) VALUES (1, 178, 75, '1749492666825-999725561.pdf', '8010_FW_Bell_Calibration.pdf', 1056385, 'application/pdf', '2025-06-09T18:11:06.852Z');
INSERT INTO cal.attachments (id, tool_id, calibration_id, filename, original_name, file_size, mime_type, uploaded_at) VALUES (2, 179, 76, '1749492725160-299937804.pdf', '8010_FW_Bell_Calibration.pdf', 1056385, 'application/pdf', '2025-06-09T18:12:05.183Z');
INSERT INTO cal.attachments (id, tool_id, calibration_id, filename, original_name, file_size, mime_type, uploaded_at) VALUES (3, 180, 77, '1749492763251-457768056.pdf', '8010_FW_Bell_Calibration.pdf', 1056385, 'application/pdf', '2025-06-09T18:12:43.277Z');

-- Settings (10 records)
INSERT INTO cal.settings (id, key, value, updated_at, company_id) VALUES (1, 'basic_max_users', '1', '2025-06-09T16:18:01.165Z', NULL);
INSERT INTO cal.settings (id, key, value, updated_at, company_id) VALUES (2, 'basic_max_tools', '50', '2025-06-09T16:18:01.252Z', NULL);
INSERT INTO cal.settings (id, key, value, updated_at, company_id) VALUES (3, 'professional_max_users', '5', '2025-06-09T16:18:01.319Z', NULL);
INSERT INTO cal.settings (id, key, value, updated_at, company_id) VALUES (4, 'professional_max_tools', '250', '2025-06-09T16:18:01.385Z', NULL);
INSERT INTO cal.settings (id, key, value, updated_at, company_id) VALUES (5, 'enterprise_max_users', '20', '2025-06-09T16:18:01.451Z', NULL);
INSERT INTO cal.settings (id, key, value, updated_at, company_id) VALUES (6, 'enterprise_max_tools', '1000', '2025-06-09T16:18:01.518Z', NULL);
INSERT INTO cal.settings (id, key, value, updated_at, company_id) VALUES (7, 'alertThreshold', '30', '2025-06-09T16:19:21.824Z', NULL);
INSERT INTO cal.settings (id, key, value, updated_at, company_id) VALUES (8, 'notifications', 'true', '2025-06-09T16:19:21.898Z', NULL);
INSERT INTO cal.settings (id, key, value, updated_at, company_id) VALUES (9, 'emailAlerts', 'false', '2025-06-09T16:19:21.973Z', NULL);
INSERT INTO cal.settings (id, key, value, updated_at, company_id) VALUES (10, 'defaultFrequency', 'annual', '2025-06-09T16:19:22.046Z', NULL);

-- ============================================================
-- VERIFICATION (run after to confirm)
-- ============================================================
SELECT 'companies' as tbl, count(*) as cnt FROM cal.companies
UNION ALL SELECT 'users', count(*) FROM cal.users
UNION ALL SELECT 'tools', count(*) FROM cal.tools
UNION ALL SELECT 'calibrations', count(*) FROM cal.calibrations
UNION ALL SELECT 'attachments', count(*) FROM cal.attachments
UNION ALL SELECT 'settings', count(*) FROM cal.settings;